contact,material_recovery_facility,rail_access,year,icon,notes,website,email,fax,phone,cartodb_id,operating_hours,pickup,number_of_employees,materials_accepted,materials_category,recycler_type,permit_number,company_name,county,address,longitude,latitude
,,,2015,Processor,,,,,229-776-4629,139,,,,Scrap tires,Scrap Tires,,,"New Holland Tire, Inc. ",Worth,,-83.727792,31.50531
Dustin Holland,,TRUE,2015,Processor,"Accepts books from colleges, universities, bookstores, and at drop-off locations throughout GA. See website for drop-off locations.",www.betterworldbooks.com,help@betterworldbooks.com,,678-646-5101,36,24 hours,Yes,35,Books,Paper,"Collector, Processor",,Better World Books,Fulton,,-84.2741168,34.0590771
Gerald Collins,,FALSE,2015,Processor,,,colsauto@att.net,770-513-1710,770-963-2650,55,"8-5 M-F, 8-2:30 Sa",No,5,"Metals, ferrous metals, non-ferrous metals, autos, aluminum cans, metal appliances",Metal,"Collector, Processor",,"Collins Auto Salvage, Inc.",Barrow,,-83.8286316,34.0425875
,TRUE,,2015,Processor,,,,,,125,,,,,Single-stream,,060-094P(MRF),"MBA Waste Services, LLC MRF",Fulton,,-84.5494,33.58557
Norman Paschall,,TRUE,2015,Processor,Processes textile waste.,www.paschall.com,fibers@paschall.com,770-487-0840,770-487-7945,151,8:30-5 M-F,Yes,50,"Textiles, cotton blends, coats, card wastes, sweeps",Textiles,"Collector, Processor",,"Norman W. Paschall Co., Inc.",Fayette,,-84.5895482,33.3869899
,,TRUE,2015,Processor,MRF accepts single-stream and source-separated materials. Accepts clean loads of OCC and mixed paper.,www.prattindustries.com,,770-602-1189,770-602-1190,167,24 hours,Yes,100,"Mixed paper, cardboard, office paper, newspaper, telephone books, magazines, other paper, PET, HDPE, PP, PVC, PS, film plastic, clear glass, brown glass, green glass, steel cans, aluminum cans",Single-stream,"Collector, Processor, Broker",,"Pratt Recycling, Inc.",Rockdale,,-83.9844169,33.668396
Chip Koplin,,TRUE,2015,Processor,,www.schnitzersteel.com,,706-256-4909,706-987-8400,204,"8-4:30 M-F, 8-noon Sa",Yes,,"Ferrous metals, non-ferrous metals",Metal,"Collector, Processor",,Schnitzer Southeast,Muscogee,,-84.97711,32.454294
Ben Zarco,,FALSE,2015,Processor,Call for details and prices.,,,706-369-9361,706-548-9025,24,8-5 M-Sa,No,5,"Non-ferrous metals, copper, stainless steel, radiators, brass, aluminum",Metal,Collector,,"Athens Recycling, Inc.",Jackson,,-83.4128215,34.0517733
Sam Miller,,FALSE,2015,Processor,"Picks up truckload quantities of clean, wax-coated corrugated box containers",www.enviro-log.net,smiller@enviro-log.net,229-423-7232,229-423-7223,76,"8-5, M-F",Yes,,"Wax-coated cardboard, cardboard",Paper,"Collector, Processor",,"Enviro-Log, Inc.",Ben Hill,,-83.247771,31.699367
Michael Buchanan,,FALSE,2015,Processor,Processes most curbside plastics and handles commercial-grade plastics.,www.greensenserecycling.com,michael.buchanan@greensenserecycycling.com,,770-838-1313,98,6-6 M-F,Yes,,"Cardboard, mixed paper, HDPE, PET, LDPE, TPO, BOPP, HIPS, ferrous metals, non-ferrous metals",Single-stream,"Collector, Processor, Broker",,Green Sense Recycling,Carroll,,-85.123639,33.558979
Devant Wainwright,TRUE,,2015,Processor,,,,,912-466-9144,116,,,,,Single-stream,,063-027P(MRF),Liberty Roll-Offs & Recycling,Glynn,,-81.49597778,31.19469722
,FALSE,FALSE,2015,Processor,Accepts salvage/junk vehicles. ,www.pullapart.com,,,770-242-8844,173,8-6 M-Su,Yes,,Autos,Metal,"Collector, Processor",,Pull-A-Part,DeKalb,,-84.329079,33.66741
Brian Roach,,TRUE,2015,Processor,"Minimum 12,000 lbs. for pick up. No drop-offs.",www.sonoco.com,brian.roach@sonoco.com,404-522-2135,404-522-9125,213,7-3:30 M-F,Yes,8,"Cardboard, white ledger, mixed paper, ONP, standard office paper, paper, newspaper, cardboard, mixed paper, magazines, other paper, office paper",Paper,"Collector, Processor",,Sonoco Recycling,Fulton,,-84.385878,33.720174
,,FALSE,2015,Processor,"Remanufactures printer ribbons, ink jet, laser, fax and toner cartridges from HP, Dell, Brother, Canon, Lexmark and OkiData products",www.3rinkandtoner.com,sales@3rinkandtoner.com,404-688-4587,404-688-7277,1,10-6 M-F,Yes,,"Toner cartridges, printer ribbons, inkjet cartridges, copier and FAX toner",Electronics,"Collector, Processor",,3R Ink and Toner,DeKalb,,-84.1881419,33.8583382
Gerard T. Niblack,,TRUE,2015,Processor,,www.computerrepairatlantastore.com,gerardniblack44@gmail.com,,404-259-0183,2,"9-7 M-F, 11-6 Sa",Yes,,"Laptops, motherboards, RAM, video cards, screens, cellphone screens ",Electronics,Broker,,404 Computer Repair,Cobb,,-84.515053,33.938622
,,FALSE,2015,Processor,Roll-off container service for metal pickups.,www.us1recycling.com,,478-252-7000,478-272-2048,241,8-5 M-F,Yes,,"Metals, ferrous metals, metal appliances, autos, non-ferrous metals",Metal,"Collector, Processor",,US 1 Recycling,Laurens,,-82.8448518,32.5182145
Ken Tesler,,FALSE,2015,Processor,"Brass, stainless steel, aluminum, copper wire, titanium, nickel alloy, lead acid batteries, car batteries, appliances, cars. Provides demolition services and industrial roll-offs.",www.abcrecyclingga.com,info@abcrecyclingga.com,,678-290-9866,3,"8-5 M-F, 8-2 Sa",Yes,,"Ferrous metals, non-ferrous metals",Metal,"Collector, Processor",,ABC Recycling,Cobb,,-84.534947,33.965652
Barry Shemaria,,FALSE,2015,Processor,"Broker engineering and commodity-grade plastics, primarily interested in post-industrial materials.",www.ableplastics.com,barry@ableplastics.com,770-565-0922,770-565-1522,4,8-5 M-F,No,5,"PET, HDPE, film plastic, PP, PS, PVC",Plastic,Broker,,Able Plastics,Cobb,,-84.443209,33.978089
,,FALSE,2015,Processor,,www.advancerecycling.com,advancerecycling@windstream.net,706-968-8886,706-839-1085,5,"9-4:30 M-F, 9-11:30 Sa",No,,"Metals, ferrous metals, steel cans, metal appliances, autos, non-ferrous metals, aluminum cans",Metal,"Collector, Processor",,Advance Recycling,Habersham,,-83.627445,34.5738376
William Edmonson,TRUE,,2015,Processor,,www.advanceddisposal.com,william.edmonson@advanceddisposal.com,678-648-1178,678-710-2075,6,7-4:30 M-F,,,,Single-stream,,,"Advanced Disposal Recycling Services Atlanta, LLC",Forsyth,,-84.258506,34.147742
,TRUE,,2015,Processor,,www.advanceddisposal.com,bedwards@advanceddisposal.com,,770-485-8940,7,,,,,Single-stream,,PBR-033-118TS,"Advanced Disposal Recycling Services Atlanta, LLC",Cobb,,-84.580467,33.907007
Devant Wainwright,TRUE,,2015,Processor,,,,,912-466-9144,117,,,,,Single-stream,,063-027P(RM),Liberty Roll-Offs & Recycling,Glynn,,-81.482253,31.134297
,,FALSE,2015,Processor,"Buys empty toner and inkjet cartridges manufactured by HP, Lexmark, Dell, Xerox and Canon. Pick-up available to larger accounts, existing customers, etc. Handled on a case-by-case basis.",www.advlaser.com,sales@advlaser.com,404-351-0911,404-351-2700,8,9-4:30 M-F,Yes,20,"Toner cartridges, inkjet cartridges",Electronics,"Collector, Processor, Broker",,"Advantage Laser Products, Inc.",Fulton,,-84.438001,33.805521
,,,2015,Processor,Manufactures synthetic fuel pellets and crude oil.  ,,,,678-715-8700,9,,,,"Computer equipment, cell phones, televisions, rechargeable batteries, electronics",Electronics,"Collector, Processor",,"Aeris Services, Inc.",Haralson,,-85.2880077,33.7445499
Anthony Robertson,,FALSE,2015,Processor,Community drop-off and recycling event planning for electronics available. Pick-up needs to be about 1/2 a truckload. Manufactures synthetic fuel pellets and crude oil.  ,www.aeriscomputers.com,anthony@aeriscomputers.com,,678-715-8700,10,10-6 M-F,Yes,20,"Computer equipment, cell phones, televisions, rechargeable batteries, electronics",Electronics,"Collector, Processor",,"Aeris Services, Inc.",Douglas,,-84.7885712,33.7392297
Ken Beringer,,FALSE,2015,Processor,Accepts all types of refrigerant gases.,www.airgasrefrigerants.com,ken.beringer@airgas.com,404-352-6959,404-352-4007,11,7:30-5:30 M-F,Yes,50,"Refrigerant cylinders, refrigerant gases",Other,"Collector, Processor",,"Airgas Refrigerants, Inc.",Cobb,,-84.4969819,33.8433147
Blaire Brown,,FALSE,2015,Processor,Accepts recovered materials from businesses and the general public. Call for details.,www.allamrecycling.com,aarecycling@earthlink.net,706-322-3059,706-324-3249,12,"8-4:30 M-F, 8-1 Sa",Yes,,"Ferrous metals, non-ferrous metals, aluminum cans, paper, newspaper, cardboard, mixed paper, magazines, office paper, PET, HDPE, PVC, film plastic, PE, PP",Single-stream,"Collector, Processor, Broker",,All American Recycling,Muscogee,,-84.968812,32.45642
Pete Leonetti,,FALSE,2015,Processor,,www.alliedrecyclinginc.com,yourpersonnaltrashman@yahoo.com,770-922-1645,770-922-6031,13,"8-5:30 M-F, 8-1 Sa",Yes,30,"Metals, ferrous metals, steel cans, metal appliances, autos, non-ferrous metals, aluminum cans ",Metal,"Collector, Processor",,"Allied Recycling, Inc.",Rockdale,,-84.0686319,33.693498
Sol Hirsh,,FALSE,2015,Processor,Pick-up for large volume accounts only. Call for details.,www.aluminumrecyclingwr.com,alsolinc@bellsouth.net,478-929-0321,478-922-3663,14,"9-5 M-F, 9-12:30 Sa",Yes,7,"Cans, aluminum scrap, insulated copper, copper, brass, radiators, stainless steel",Metal,"Collector, Processor",,Aluminum Recycling of Warner Robins,Houston,,-83.612328,32.61969
Jack Lupas,,FALSE,2015,Processor,,www.amfiberservices.com,,678-486-7890,770-790-4000,15,7:30-4 M-F,No,10,"Paper, newspaper, cardboard, other paper, magazines, office paper",Paper,Broker,,American Fiber Co. Services,Cobb,,-84.498382,33.828303
,,FALSE,2015,Processor,"Accepts a variety of metals, films and paper types. Provides document destruction services.",www.recyclinggroup.com,service@recyclinggroup.com,,770-934-8248,16,10-3 M-F,Yes,5,"Aluminum cans, steel cans, ferrous metals, non-ferrous metals, office paper, cardboard, mixed paper, junk mail, x-ray film, print film",Single-stream,"Collector, Processor",,American Paper Recycling,DeKalb,,-84.1986653,33.8392677
,TRUE,,2015,Processor,,,,,229-924-3004,17,,,,,Single-stream,,129-014P(MRF),Ameri-Green Environmental Recycling,Sumter,,-84.201211,32.053303
,,FALSE,2015,Processor,,www.amerisouthrecycling.com,info@recycleatl.com,404-209-1234,404-209-0002,18,8-5 M-F,Yes,200,"Paper, plastic, metal,Â CFL bulbs, batteries, e-scrap",Single-stream,"Collector, Processor, Broker",,"AmeriSouth Recycling & Consulting, Inc.",Fulton,,-84.3931376,33.6535745
,,TRUE,2015,Processor,,,evans9484@att.net,706-295-3788,706-291-4994,19,8-4 M-F,Yes,8,"Metals, ferrous metals, steel cans, metal appliances, autos, non-ferrous metals, aluminum cans",Metal,"Collector, Processor",,"Anniston Metals, Inc.",Floyd,,-85.1742404,34.2492012
,,TRUE,2015,Processor,"Haul wood, scrap tire, cardboard, concrete and asphalt from customer to recycler.",,evans9484@att.net,706-295-3788,706-291-4994,20,8-4 M-F,Yes,12,"Wood, scrap tires, cardboard, concrete, asphalt ",C&D,Collector (Hauling),,"Anniston Trucks, Inc. (dba AMR Waste Systems)",Floyd,,-85.1742404,34.2492012
Brian Buckle,,FALSE,2015,Processor,Collects and processes most types of post-industrial and post-consumer plastics,www.antekmadison.com,bbuckle@antekmadison.com,770-948-9000,770-948-0000,21,8-midnight M-F,Yes,75+,"PS, PET, PVC, HDPE, PP, film plastic.",Plastic,"Collector, Processor",,Antek Madison Plastics Recycling Corp.,Cobb,,-84.563865,33.757769
Randy Beckett,,FALSE,2015,Processor,"Uses paper to make  insulation (manufactures reconstituted wood insulation and roofing material). Pickup in trailer quantities only. Call for details. Uses cotton, bamboo and a low-melt synthetic that is often a recovered material.",www.applegateinsulation.com,rbeckett@applegateinsulation.com,706-779-0079,706-779-0035,22,24-hrs M-F,Yes,,"Paper, newspaper, mixed paper, other paper",Paper,"Collector, Processor",,Applegate Insulation Systems,Stephens,,-83.27783,34.537602
Joe Alewine,,TRUE,2015,Processor,Accepts autos with title and current ID. Call for details.,,athensautowrecking1@gmail.com,706-548-2231,706-548-2211,23,"8-5 M-F, 8-4 Sa",Yes,25-30,"Metals, ferrous metals, metal appliances, autos, non-ferrous metals, aluminum cans",Metal,"Collector, Processor",,Athens Auto Wrecking Co.,Madison,,-83.3129406,34.0364087
Jim Corley,TRUE,,2015,Processor,,,,,706-613-3501,25,,,,,Single-stream,,029-013P(RM),Athens-Clarke County - Dunlap Road MRF,Clarke,,-83.2707,33.91762
Peter Wirhun,,FALSE,2015,Processor,"Specializes in liquidation, asset remarketing, scrap recycling. Pick-ups for 10+ items.",www.atlantacomputersystems.com,peter@atlantacomputersystems.com,404-256-4807,404-256-4661,26,9-5 M-F,Yes,3,"Computer equipment, electronics, networking equipment, telecommunications",Electronics,"Collector, Processor, Broker",,Atlanta Computer Systems,Fulton,,-84.368182,33.908273
Linda Salazar,,FALSE,2015,Processor,"Accepts carpet from homeowners at no charge, they will pay for carpet pad. Generally, pick up is not available for individuals. Pick up is available for carpet stores and multi-family installations.",,guera2@aol.com,770-414-1182,770-414-1181,27,"7-11 M-F, 8-9 Sa",Yes,10,"Carpet padding, carpet",Carpet,Collector,,"Atlanta Foam Recycle Center, Inc.",DeKalb,,-84.2171424,33.8545479
Rick Golson,,FALSE,2015,Processor,No residential pick up. Accepts computer-related e-scrap.,www.atlantametalinc.com,rick@atlantametalinc.com,404-577-3220,404-688-6278,28,7-3:30 M-F,Yes,9,"Non-ferrous metals, aluminum, brass, copper, batteries, lead, stainless steel, alloys, exotic metals, electronics",Metal,"Collector, Processor",,"Atlanta Metal, Inc.",Cobb,,-84.4964585,33.8251148
Jeff Lewis,,FALSE,2015,Processor,Reconditions and resells wood pallets. Will pay for pallets in very good condition. Call for details.,www.atlantapallets.com,aps@atlantapallets.com,404-766-0724,404-766-2339,29,7:30-4:30 M-F,Yes,75,Wood pallets,Wood,"Collector, Processor",,Atlanta Pallets & Service,Fulton,,-84.392419,33.66227
David McClesky,,FALSE,2015,Processor,Accepts all electronic equipment from businesses and individuals. Pick-ups for business only.,www.arsrecycle.com,dloxsom@arsrecycle.com,678-566-6635,678-566-6665,30,8-5 M-F,Yes,12,"Computer equipment, office equipment, printers",Electronics,"Collector, Processor",,Atlanta Recycling Solutions,Fulton,,-84.2388129,34.114031
,,TRUE,2015,Processor,"Call for pick up details, quantity and distance. Also manufactures recycled wood pallets.",www.atlanticpallet.com,info@albanypallet.com,800-311-8471,800-763-6487,31,"8-5 M-F (yard hours 6-2 M-Th summer, 7:30-4:30 M-F fall to spring)",Yes,25,Wood pallets,Wood,"Collector, Processor",,Atlantic (Albany) Pallet Exchange,Dougherty,,-84.097222,31.600007
,,FALSE,2015,Processor,Buys and refurbishes servers only from businesses. Call first for details.,www.atlantixglobal.com,,,877-552-8526,32,8-6 M-F,No,,Computer and telecommunications equipment,Electronics,Processor,,Atlantix Global Systems,Gwinnett,,-84.2267412,33.9675756
Matt Attaway,TRUE,,2015,Processor,"Offers single-stream recycling services to businesses, governments and schools in the following counties: Baldwin, Bibb, Greene, Laurens, Jones, Morgan, Putnam, Washington and Wilkinson. ",www.attawayrecycling.com,,,478-456-8468,33,,,,"Cardboard, #1-2 plastic, glass, newspaper, aluminum cans, metal cans, office paper",Single-stream,"Collector, Processor",,Attaway Recycling,Baldwin,,-83.2065,33.12102
John Wayne Donaldson,,FALSE,2015,Processor,Will remove large equipment. No drop-offs.,www.romescrapmetal.com,johnwdonaldson_66@hotmail.com,,706-802-8110,34,7-6 M-F,Yes,1,"Ferrous metals, non-ferrous metals, computers, electronics",Electronics,"Collector, Processor",,B&D Metal Recycling,Floyd,,-85.145128,34.269762
"Larry Barber, Jr.",,FALSE,2015,Processor,Restrictions may apply to acceptance of autos and appliances. Call for details.,www.barbersrecycling.com,recycling4cash@yahoo.com,912-632-7798,912-632-5001,35,"8-5 M-F, 8-noon Sa",Yes,15,"Ferrous metals, metal appliances, autos, non-ferrous metals, aluminum cans",Metal,"Collector, Processor, Broker",,Barber's Recycling,Bacon,,-82.4898661,31.575642
Richard Pressl,,FALSE,2015,Processor,Accepts computer and telecommunications equipment from businesses and individuals. Must have at least 10 units for free collection in metro Atlanta. Call first for details.,www.bizmarts.com,recycle@bizmarts.com,,770-345-4663,37,9-6 M-Sa,Yes,,"Computer equipment, network equipment, telecommunications equipment, office equipment, media equipment, scrap metal, packaging material, medical equipment",Electronics,"Collector, Broker",,Bizmarts,Cherokee,,-84.612708,34.313649
,,FALSE,2015,Processor,Restrictions may apply. Call for details.,www.blazerecycling.com,info@blazerecycling.com,,229-483-7800,38,8-4 M-F,No,,"Ferrous metals, non-ferrous metals, steel cans, metal appliances, autos, aluminum cans",Metal,"Collector, Processor",,"Blaze Recycling & Metals, LLC",Dougherty,,-84.074339,31.591981
Paul Shinell,,TRUE,2015,Processor,Restrictions may apply. Call for details.,www.blazerecycling.com,info@blazerecycling.com,770-534-2809,770-534-5614,39,8-4 M-F,Yes,,"Ferrous metals, non-ferrous metals, steel cans, metal appliances, autos, aluminum cans",Metal,"Collector, Processor",,"Blaze Recycling & Metals, LLC",Hall,,-83.812173,34.295172
,,FALSE,2015,Processor,Restrictions may apply. Call for details.,www.blazerecycling.com,info@blazerecycling.com,,770-228-3311,40,8-4 M-F,No,,"Ferrous metals, non-ferrous metals, steel cans, metal appliances, autos, aluminum cans",Metal,"Collector, Processor",,"Blaze Recycling & Metals, LLC",Spalding,,-84.2496403,33.2491525
,,FALSE,2015,Processor,Restrictions may apply. Call for details.,www.blazerecycling.com,info@blazerecycling.com,,678-377-9102,41,8-4 M-F,Yes,,"Ferrous metals, non-ferrous metals, steel cans, metal appliances, autos, aluminum cans",Metal,"Collector, Processor",,"Blaze Recycling & Metals, LLC",Gwinnett,,-83.968144,33.969951
,,FALSE,2015,Processor,Restrictions may apply. Call for details.,www.blazerecycling.com,info@blazerecycling.com,,770-373-4952,42,8-4 M-F,No,,"Ferrous metals, non-ferrous metals, steel cans, metal appliances, autos, aluminum cans",Metal,"Collector, Processor",,"Blaze Recycling & Metals, LLC",Cobb,,-84.562732,33.977106
Gary Blaze,,TRUE,2015,Processor,Restrictions may apply. Call for details.,www.blazerecycling.com,info@blazerecycling.com,770-447-1885,770-447-0175,43,8-4 M-F,Yes,,"Ferrous metals, non-ferrous metals, steel cans, metal appliances, autos, aluminum cans",Metal,"Collector, Processor",,"Blaze Recycling & Metals, LLC",Gwinnett,,-84.189213,33.924666
Jimmy Bobo,,FALSE,2015,Processor,"Contract grinding and screening available to Southeast; wood waste management programs for municipalities.  Produce custom soil blends and compost, color enhanced mulches. Sell  product to residents, businesses and governments. Also wood-based biofuels.",www.woodtechmulch.com,jimmybobo@mindspring.com,770-720-0329,770-720-1050,44,"7-5 M-F, 8-noon Sa",Yes,30,"Yard trimmings, grass clippings, leaves, land clearing debris, industrial wood scrap",Organics,"Collector, Processor, Broker, End User",,BoBo Grinding ,Cherokee,,-84.4905261,34.2317656
,,FALSE,2015,Processor,Collects and processes wood pallets. Manufactures recycled pallets and mulch.,www.bospallets.com,orders@bopallets.com,770-773-3397,877-773-3054,45,7:30-midnight M-F,Yes,100,"Wood pallets, plastic, metal, cardboard",Single-stream,"Collector, Processor, Broker",,Bo's Pallets,Bartow,,-84.805447,34.375366
,,TRUE,2015,Processor,Sells materials for boiler fuel. Offers wood grinding.,,evans9484@att.net,706-295-3788,706-291-4994,46,8-4 M-F,Yes,1,Wood,Wood,"Collector, Processor",,Bryan Recycling,Floyd,,-85.1824179,34.2225328
Patsy Niver,,TRUE,2015,Processor,"Picks up baled material via flatbed or trailer. Can pick up some loose material in truckload quantities. Loose OCC, SOP and ONP can be dropped off 8 a.m.- 3:30 p.m.",www.caraustar.com,patsy.niver@caraustar.com,706-323-0783,706-323-6306,47,7:30-4:30 M-F,Yes,,"Office paper, cardboard, mixed paper, newspaper, magazines, paperboard, phone books, tubes and cores, hard white paper, double-line kraft (DLK), hardcover books, paperback books, PET, HDPE, LDPE",Single-stream,"Collector, Processor, Broker, End User",,Caraustar,Muscogee,,-84.941417,32.460953
April Carlock,,TRUE,2015,Processor,,www.caraustar.com,april.carlock@caraustar.com,706-259-3965,706-259-8591,48,7:30-3:30 M-F,Yes,,"Office paper, cardboard, mixed paper, newspaper, magazines, paperboard, phone books, tubes and cores, hard white paper, double-line kraft (DLK), hardcover books, paperback books",Paper,"Collector, Processor, Broker, End User",,Caraustar,Whitfield,,-84.983355,34.699541
Nancy Womack,,TRUE,2015,Processor,Accepts bales and loose paper. Provides loose pick up in Metro Atlanta and bale pickup statewide.,www.caraustar.com,nancy.womack@caraustar.com,770-451-2045,770-451-1334,49,7:30-3:30 M-F,Yes,,"Office paper, cardboard, mixed paper, newspaper, magazines, paperboard, phone books, tubes and cores, hard white paper, double-line kraft (DLK), hardcover books, paperback books, HDPE, LDPE, PET",Single-stream,"Collector, Processor, Broker, End User",,Caraustar,DeKalb,,-84.269012,33.912885
Jeremy Warner,,FALSE,2015,Processor,Provides collection bins for commercial collection.,www.cartridgeworldusa.com,jwarner@cartridgeworldusa.com,404-249-7646,404-249-7644,50,"10-6 M-F, 10-3 Sa",Yes,1,"Inkjet cartridges, toner cartridges",Electronics,"Collector, Processor, Broker",,Cartridge World,Fulton,,-84.3709735,33.7994282
Max Pierre,,TRUE,2015,Processor,Accepts empty ink jet and laser toner cartridges.,www.cartridgeworldusa.com,cartridgeworldlindbergh@gmail.com,404-231-5004,404-231-5000,51,"10-6 M-F, 10-5 Sa",Yes,,"Inkjet cartridges, toner cartridges",Electronics,"Collector, Processor, Broker",,Cartridge World,Fulton,,-84.3872672,33.8199608
Jeremy Warner,,FALSE,2015,Processor,Provides collection bins for commercial collection.,www.cartridgeworldusa.com,jwarner@cartridgeworldusa.com,404-321-3770,404-321-3220,52,"9-6 M-F, 10-3 Sa",Yes,3,"Inkjet cartridges, toner cartridges",Electronics,"Collector, Processor, Broker",,Cartridge World,DeKalb,,-84.3053233,33.7902323
Brandon Howard ,,TRUE,2015,Processor,,www.cemex.com,,478-987-2121,478-987-2121,53,,No,,Scrap tires,Scrap Tires,,,CEMEX,Houston,,-83.634808,32.409981
Rick Glendye,,FALSE,2015,Processor,Minimum 100 gallons for pick up. Accepts all non-hazardous waste oil products.,www.coastalrefining.com,rglendye@coastalrefining.com,912-236-4162,912-233-9999,54,8-4 M-F,Yes,7,"Automotive crankcase and transmission fluids, locomotive engine oils, waste fuels, oil canning plant waste, virgin oils (6 and 2 fuels)",Other,"Collector, Processor",,Coastal Refining Corp.,Chatham,,-81.133082,32.058905
Rocky Ponders or Rob Goldberg,,FALSE,2015,Processor,,,columbiarecycling@windstream.net,706-226-1779,706-278-4701,56,8-5 M-F,Yes,430,"Textiles, carpet, carpet padding",Carpet,"Collector, Processor",,Columbia Recycling,Whitfield,,-84.974604,34.785147
Andy Boxton,,FALSE,2015,Processor,Accepts from individuals and businesses. Free drop-off. Does not accept TVs. Full list at http://www.completepcrecycling.us/items.php.,www.completepcrecycling.us,,,770-428-1998,57,"9-6 M-F, 9-1:30 Sa",Yes,2,"Office electronics, media, IT equipment",Electronics,"Collector, Processor",,Complete P.C. Recycling,Cobb,,-84.6134187,34.0177107
Murtaza Dohadwala,,FALSE,2015,Processor,Pick up available for large quantities.,www.compupointusa.com,info@compupointusa.com,,770-840-8220,58,9-5 M-F,Yes,10,"Computer equipment, cell phones, CRT monitors, networking equipment",Electronics,"Collector, Processor",,"CompuPoint USA, LLC",Gwinnett,,-84.2170104,33.9085593
,,FALSE,2015,Processor,"Does not accept TVs. Only accept trade-ins from customers buying computers, not general drop-offs.",www.compren.com/stores/kennesaw,crmarietta@msn.com,678-214-0202,678-214-0200,59,"10-7 M-F, 10-6 Sa, 12-6 Su",No,,"Computer equipment, audio/video equipment",Electronics,"Collector, Reseller",,Computer Renaissance,Cobb,,-84.5634449,34.012614
Gary Wayne,,FALSE,2015,Processor,,www.safetycomputersolutions.com,,,678-639-1234,60,"8:30-7 M-F, 9-5 Sa, 12-5 Su",Yes,5,Computer equipment,Electronics,"Collector, Broker",,Computer Solutions,Gwinnett,,-83.945604,33.858387
Eddie Crawford,,FALSE,2015,Processor,,,autocrusher@comcast.net,,770-786-0420,61,"8-5 M-F, 8-2 Sa",Yes,,"Autos, non-ferrous metals, ferrous metals",Metal,"Collector, Processor",,Crawford's Recycling,Newton,,-83.8601827,33.5967815
Katrina Carr,,FALSE,2015,Processor,"Accepts materials from businesses and governments, not the general public. Residential collection points throughout the state. Specialize in computer and related equipment, including banking, financial and telecommunications, and consumer electronics. No white goods.",www.crserecycling.com,,770-463-8817,770-463-8944,62,8-4:30 M-F,Yes,8,Computer equipment,Electronics,"Collector, Processor",,"Creative Recycling Systems of Georgia, Inc.",Coweta,,-81.9287768,33.4765893
Cyrous Naddaf,,FALSE,2015,Processor,Also provides asset management and hard drive wiping. Pick up available for large quantities only. Accepts small amounts from individuals.,www.erecycleusa.com,cyrous@erecycleusa.com,770-416-1627,770-416-1628,78,9:30-5:30 M-F,Yes,,"Computer equipment and peripherals, telecommunications equipment, servers, mainframes, cabling, copiers, televisions",Electronics,"Collector, Processor, Broker",,E-Recycle USA,DeKalb,,-84.199166,33.844782
Ray Hampton,,TRUE,2015,Processor,"Produces polypropylene, polyethylene and nylon 6 pellets in a wide range of melt-flow characteristics. Also, toll conversion for companies such as grinding, precision-cutting, densifying and pelletizing.",www.cycletex.com,rhampton@cycletex.com,706-275-6453,706-226-1116,63,8-5:30 M-F,Yes,40,"Polypropylene (PP), Polyethylene (PE) and nylon 6 (PA-6); film, yarn, wovens, non-wovens, melt-blown, spun-bond, strapping, re-grind, drool, purge, tape, parts",Plastic,"Collector, Processor",,Cycle-Tex,Whitfield,,-84.9661314,34.7876671
Dewey Grantham,,FALSE,2015,Processor,Produces tire-derived fuel and mulch,www.libertytire.com,atlanta@libertytire.com,,404-355-0547,118,,No,50,Scrap tires,Scrap Tires,"Collector, Processor, End User",,"Liberty Tire Recycling, LLC",Fulton,,-84.423326,33.79881
Ray Hampton,,TRUE,2015,Processor,"Produces polypropylene, polyethylene and nylon 6 pellets in a wide range of melt-flow characteristics. Also, toll conversion for companies such as grinding, precision-cutting, densifying and pelletizing.",www.cycletex.com,rhampton@cycletex.com,706-275-6453,706-226-1116,64,8-5:30 M-F,Yes,40,"Polypropylene (PP), Polyethylene (PE) and nylon 6 (PA-6); film, yarn, wovens, non-wovens, melt-blown, spun-bond, strapping, re-grind, drool, purge, tape, parts",Plastic,"Collector, Processor",,Cycle-Tex,Floyd,,-85.0808278,34.3261227
Fred Dikeman,,FALSE,2015,Processor,"Services companies in the Atlanta, Augusta, Chattanooga, Macon and Savannah areas. Does not accept TVs, monitors or appliances.",www.workstation.net,dii@workstation.net,770-874-7828,770-919-2400,65,8:30-5:30 M-F,Yes,3,"Computer and networking equipment, commercial grade computers, servers, laptops, SANs, disk arrays, racks, network and telephone equipment, UPS, power distribution, data center cabinets and racks",Electronics,"Collector, Processor, Broker",,"Data Instruments, Inc.",Cobb,,-84.519282,34.059906
Gerry Woodruff or Terry Dobson,,FALSE,2015,Processor,Corporate services include pick-up and roll-off containers. Must have valid ID for drop off. Does not accept monitors or TVs.,www.davisrecycling.com,sales@davisrecycling.com,404-591-2036,404-524-1746,66,"8-4:30 M-F, 8:30-12:30 Sa",Yes,8,"AC coils, aluminum cans, aluminum wheels, aluminum radiators, aluminum siding and gutters, aluminum wire/insulated, appliances, automobile and truck batteries (lead acid, casings cannot be cracked), auto parts (alternators, starters), ballasts, batteries (autos, trucks, forklifts, golf carts, data, etc.), bicycles, brass pipes, fittings, faucets, brass radiators, brass shells, car batteries, catalytic converters, communication wire (CAT 5, CAT 6, ethernet, twisted pair, data cable), compressors (dry), cookware, copper tubing, copper radiators, copper 1 and 2, copper wire, desktop computers, dishwashers, e-scrap (computers/flat monitors), electric motors, ferrous metals, game consoles, heavy steel, insulated copper wire 1 and 2, iron, LCD computer monitors, lead-acid batteries-non automotive, lead/range lead, lead cable, light fixtures, MP3 players, nickel-cadmium batteries, non-ferrous metals, pipe, scrap metal, small appliances, stainless steel, steel cans, transformers",Metal,"Collector, Processor",,Davis Recycling,Fulton,,-84.4100689,33.741906
Ben Chapman,,FALSE,2015,Processor,Pick-up available from retail stores only.,,drpadman@aol.com,912-727-2628,912-667-7992,67,8-5 M-F,Yes,1,"Nylon carpet, urethane carpet padding",Carpet,Collector ,,DC Foam,Bryan,,-81.268626,31.9017303
,,TRUE,2015,Processor,"Pick-up available for high volume customers only. Does not accept post-consumer materials, only post-industrial.",www.dixiepaper.com,,404-758-8765,404-758-4581,68,7:30-5 M-F,Yes,8,"Paper, newspaper, cardboard, mixed paper, magazines, other paper, office paper",Paper,"Processor, Broker",,Dixie Pulp & Paper,Fulton,,-84.406661,33.720866
Beverly Freeman,,FALSE,2015,Processor,,,,,770-535-2476,69,"7-4:30 M-F, 8-noon Sa",No,,Wood pallets,Wood,"Collector, Processor",,Dixieland Pallet ,Hall,,-83.784492,34.276024
Elizabeth McElhanon,,FALSE,2015,Processor,"Accepts clean, dry polystyrene egg cartons only. Purchases post-industrial polystyrene scrap. Offers drop-off and mail-in options for polystyrene egg cartons.",www.dolco.tekni-plex.com,dolco@tekni-plex.com,770-995-7982,770-963-6191,70,8-5 M-F,No,,"Foam polystyrene and PET food containers, clear plastic",Plastic,"Collector, Processor, End User",,Dolco Packaging Corp.,Gwinnett,,-83.972723,33.969326
Jim Dykes,,FALSE,2015,Processor,,www.dykespaving.com,,,770-448-3392,71,5:30-5:30 M-F,No,60,"C&D, asphalt, asphalt roofing shingles, concrete",C&D,Processor,,Dykes Materials Division,DeKalb,,-84.2434565,33.9310946
Mark Kamensky,,TRUE,2015,Processor,Variety of collection options available.,www.ejknightrecycling.com,ejknight@knology.net,706-323-4516,706-322-5435,72,7:45-4:30 M-F,Yes,30,"Metals, copper, brass, aluminum, stainless, aluminum cans, other scrap metal",Metal,"Collector, Processor",,"E.J. Knight Scrap Material Co., Inc.",Muscogee,,-84.978494,32.455075
,TRUE,,2015,Processor,Offers pick-up service for larger loads. Offers destruction services.,www.letusrecycle.com,,770-216-2025,770-217-7543,73,,,,"Plastic scrap processing in all forms including rolls, purging, pellets, regrind, lumps; acetal and acrylic; ABS Poly (Acrylonitrile Butadiene Styrene); ABS/PC and EVA; HDPE High Density Polyethylene; HMW High Molecular Weigh PE; LDPE Low Density Polyethylene; LLDPE Linear Low Density; Polyethylene & PP Polypropylene; PS Polystyrene; HIPS High Impact Polystyrene; PBT; PET Polyethylene Terephthalate; PETG; Nylon; PC Polycarbonate; PVC Polyvinyl Chloride; SAN; TPO Thermoplastic Polyolefin (often applied to elastomers); TPU Thermoplastic Polyurethene (often applied to elastomers); TPE; PPO Polyphenylene Oxide (aka Noryl); POM; mixed scrap like auto lights, etc.; old corrugated containers; mixed paper; old newspapers; high grade deinked paper; pulp substitutes; iron; steel; copper; aluminum; brass/bronze; alloy; tin; lead",Single-stream,"Collector, Processor",,"East Meets West, Inc.",Cobb,,-84.624253,33.831253
Andy Waddell,,FALSE,2015,Processor,,www.ebcobattery.com,info@ebcobattery.net,706-569-6774,706-563-8888,74,"8-6 M-F, 9-3 Sa",Yes,9,"Lead acid batteries, rechargeable cellphone batteries, camera batteries",Electronics,Collector,,Ebco Battery Co.,Muscogee,,-84.926204,32.5142979
,,FALSE,2015,Processor,Accepts most types of telecommunications equipment. Charges $25 for TVs.,www.ewmanagementllc.com,ewmanagement83@yahoo.com,770-648-7812,770-648-7612,75,9-5:30 M-F,Yes,5,"Computer equipment, office equipment, security equipment, medical equipment",Electronics,"Collector, Processor",,Electronics Waste Management,Rockdale,,-84.0507951,33.6826991
,,FALSE,2015,Processor,"Accepts any type of battery, including non-rechargeable alkaline and lead-acid automotive batteries",www.envirotechcorp.com,chris@envirotechcorp.com,,770-506-8292,77,8-5 M-F,Yes,12,"Computer equipment, office equipment, fluorescent lightbulbs, NiMH batteries, NiCd batteries, Li-ion batteries, alkaline batteries, lead-acid batteries, televisions, oil, antifreeze",Electronics,"Collector, Processor",,EnviroTech Environmental Services,Henry,,-84.237675,33.500146
Dewey Grantham,,,2015,Processor,,www.libertytire.com,,,706-602-0072,119,,,,Scrap tires,Scrap Tires,,,"Liberty Tire Recycling, LLC",Gordon,,-84.945857,34.47632
Kristi Eason,,FALSE,2015,Processor,,www.facebook.com/pages/ERG/282909155178391,eastonrecycling@gmail.com,912-375-3222,912-375-3222,79,8-5 M-F,No,2,"Ferrous metals, autos",Metal,"Collector, Processor, Broker",,"ERG (formerly North American Alloy & Recycling, LLC)",Jeff Davis,,-82.5877792,31.846579
Godwin Jaja,,FALSE,2015,Processor,"Accepts small amounts from individuals. Pick up available for larger loads. Charges $2 for computer monitors, $15 for TVs.",www.escrapx.com,info@escrapx.com,770-493-6692,770-493-6692,80,9-5:30 M-F,Yes,4,"Computer equipment, telecommunications equipment, household electronics",Electronics,"Collector, Processor, Broker",,E-ScrapX,DeKalb,,-84.198443,33.844764
Jerry Powell,,FALSE,2015,Processor,Accepts wood pallets for reconditioning and resale; scraps are ground for mulch. Provides pick up of used pallets.,,powell1@mindspring.com,770-725-0692,770-725-0592,81,"7-4 M-Th, 7-11:30 F",Yes,10,Wood pallets,Wood,"Collector, Processor",,Exclusive Pallet Service,Barrow,,-83.573814,33.953932
Al Keel,,FALSE,2015,Processor,Collects and processes motor oil. Resells as boiler fuel. ,www.farmeroil.com,al.keel@farmeroil.com,770-385-8169,770-385-8075,82,8-5 M-F,Yes,20,"Oil filters, motor oil, antifreeze, petroleum-contact water, oily rags, transmission fluid",Other,"Collector, Processor",,"Farmer Oil, Inc.",Newton,,-83.8829069,33.620991
William Weatherford,,FALSE,2015,Processor,Offers events for schools and public to bring materials. See full list at http://www.federalrecyclers.com/Writings.html,www.federalrecyclers.com,info@federalrecyclers.com,,770-591-0375,83,10-5 M-F,No,,"Computer equipment, electronics, ferrous metals, non-ferrous metals (including various aluminium products), televisions, monitors, paint  ",Electronics,"Collector, Processor",,Federal Recyclers,Cobb,,-84.5218127,34.0607699
Mike Martin,,FALSE,2015,Processor,,www.foamfabrictorsinc.com,mmartin@foamfabricatorsinc.com,706-367-9695,706-367-2616,84,8-5 M-F,No,,"Molded foam packaging, OEM components",Other,"Collector, Processor",,"Foam Fabricators, Inc.",Jackson,,-83.573453,34.096083
,TRUE,,2015,Processor,,,,,,85,,,,,Single-stream,,031-042P(MRF),Forest Park Transfer Station,Clayton,,-84.369485,33.607967
Tina Gann,,FALSE,2015,Processor,Drop-off only.,,,912-6290785,912-236-8514,86,"7:30-4:30 Tu-F, 7:30-1 Sa",No,4,"Aluminum cans, ferrous metals, non-ferrous metals, brass, copper",Metal,"Collector, Processor",,Fortjen Recycling Co.,Chatham,,-81.152857,32.052404
Joseph R. Hellinger,,FALSE,2015,Processor,,,gesinc@aol.com,770-968-3954,770-968-4098,87,8-5 M-F,Yes,10,"Waste oil, used filters, petroleum sludges, wastewater ",Other,"Collector, Processor",,Georgia Environmental Specialists,Clayton,,-84.333799,33.567216
Terry Kane,,FALSE,2015,Processor,"Materials are ground and screened for sale as mulch, fill dirt, top soil. ",,gamtn2000@yahoo.com,706-835-1654,706-835-2000,88,"8-5 M-F, 8-12 Sa",Yes,2,"Yard trimmings, pallets, land-clearing debris, drywall, concrete, shingles, rock, asphalt, lumber (unpainted and not pressure-treated)",C&D,"Collector, Processor",,Georgia Mountain Grinding,Union,,-84.0321386,34.8603862
,,FALSE,2015,Processor,,,,,404-768-1157,89,8-4:30,Yes,8,"Plastic pallets, wood pallets",Other,"Collector, Processor",,Georgia Pallet Operations,DeKalb,,-84.4579546,33.6379894
,,TRUE,2015,Processor,Accepts all ferrous and non-ferrous metals. One-ton minimum.,,georgiarecyclers.com,,912-232-8332,90,7-3 M-F,No,,"Metals, ferrous metals, steel cans, metal appliances, autos, non-ferrous metals, aluminum cans",Metal,"Collector, Processor",,Georgia Recyclers,Chatham,,-81.1150597,32.0959361
Bryan Linton,,TRUE,2015,Processor,,,gasouthernrecycling@gmail.com,229-546-4637,229-546-4970,91,"7:30-4 M-Th, 7-noon F",No,4,"Metals, ferrous metals, steel cans, metal appliances, autos, non-ferrous metals, aluminum cans",Metal,"Collector, Processor",,Georgia Southern Recycling,Laurens,,-82.8921807,32.4443295
Douglas Williams,,TRUE,2015,Processor,"Industrial board plants use a high percentage of by-products and residuals from other manufacturing processes, plus chips from in-woods chipping operations to meet their raw material requirements. Some of the fiber types used include: pine and hardwood shavings, pine and hardwood chips, pine sawdust, clean hogged softwood and plywood trim. Call for specific requirements.",www.gp.com/foryourbusiness/forestry/southeastern.html,,706-468-2610,706-468-8811,92,24 hours,No,,"Pine shavings, pine chips, plywood trim",Wood,"Collector, Processor",,Georgia-Pacific Panelboard,Jasper,,-83.7003636,33.2827626
Michael Fairman,,TRUE,2015,Processor,Call for pick-up details.,www.glynniron.com,,912-261-8583,912-265-4384,93,8-3:45 M-F,Yes,,"Ferrous and non-ferrous metals: copper, brass, aluminum, steel, iron, batteries, appliances, automobiles",Metal,"Collector, Processor",,Glynn Iron & Metal,Glynn,,-81.4914894,31.1499528
Bob Simpson or Kevin Sanders,,FALSE,2015,Processor,"Accepts all electronics in working/non-working condition, that run on a battery or plug into an electrical socket.",www.goldnwest-surplus.com,,770-482-5997,770-482-5995,94,,No,,"Computer equipment, televisions, cell phones",Electronics,"Collector, Processor",,"Gold'N West Surplus, Inc.",DeKalb,,-84.111223,33.719734
,TRUE,,2015,Processor,,,,,912-236-3011,95,,,,,Single-stream,,025-074P(MRF),"Green Acres C&D Recyclers, LLC",Chatham,,-81.121869,32.080719
,,FALSE,2015,Processor,"Residential customers receive source-separated recycling bins at no charge. Collection, transport and processing of plastics, paper, glass and cans and used cooking oil into reusable products and alternative fuel sources.",www.greaseforfuel.com,recycle@greengreaserecycling.com,888-635-0263,888-600-6548,96,8-5 M-F,Yes,100+,"Aluminum cans, cooking oil, grease, glass, paper, plastic ",Single-stream,"Collector, Processor",,"Green Grease Recycling, Inc.",Fulton,,-84.373353,33.764141
,,TRUE,2015,Processor,"Residential customers receive source-separated recycling bins at no charge. Collection, transport and processing of plastics, paper, glass and cans and used cooking oil into reusable products and alternative fuel sources.",www.greaseforfuel.com,recycle@greengreaserecycling.com,888-635-0263,888-600-6548,97,24 hours,Yes,100+,"Aluminum cans, cooking oil, grease, glass, paper, plastic ",Single-stream,"Collector, Processor",,"Green Grease Recycling, Inc.",DeKalb,,-84.1189584,33.738194
Jim Finch,,FALSE,2015,Processor,Primarily for large corporate customers. Charges fee for CRT monitors. Does not accept TVs. Call for pick-up details.  ,www.lordsnet.com,jim.finch@lordsnet.com,770-475-2546,770-475-8000,120,9-5 M-F,Yes,15,"Computer equipment, telecommunications equipment, servers, switches, hubs, routers",Electronics,"Collector, Processor, Broker",,Lord's Computer Group,Fulton,,-84.252263,34.136648
,TRUE,,2015,Processor,"Does not accept refrigerators, freezers, stoves, hot water heaters, air conditioners, washing machines, clothes dryers, microwaves",,,,770-233-4119,99,8-5 M-F,,,"Newspapers, magazines, phonebooks, catalogs, cardboard, office paper, plastic bottles, aluminum cans, metal cans, glass, plastic bags/wrap, computers, monitors, copiers, TVs, DVDs, VCRs, stereos, typewriters, printers, FAX and adding machines, cell phones, rechargeable batteries, furniture, mattresses, carpet and padding",Single-stream,,,Griffin Regional Recycling Center and Transfer Station,Spalding,,-84.29092,33.219802
Teri Joiner,,FALSE,2015,Processor,,www.harriscontainers.com,ecouncil@jimmyharristrucking.com,770-786-6384,770-786-3585,100,7-5 M-F,Yes,12,Construction and demolition debris,C&D,"Collector, Processor",,Harris Containers,Newton,,-83.878806,33.6098077
,,FALSE,2015,Processor,Does not accept gold or silver.,,,,706-453-9445,101,"8-5 M-F, 9-1 Sa",Yes,5,"Metals, ferrous metals, metal appliances, autos, non-ferrous metals, aluminum cans",Metal,"Collector, Broker",,HB & Sons,Greene,,-83.153784,33.58923
Gloria Kenure,,FALSE,2015,Processor,Pick up is limited to certain drop-off points around county. Call for details.,www.pinelandcsc.org,gkenure@pinelandcsc.org,912-489-2686,912-489-8711,102,8-5 M-F ,Yes,20,"Aluminum cans, newspaper, cardboard, office paper, magazines, books",Single-stream,"Collector, Processor",,High Hope Recycling,Bulloch,,-81.814506,32.486789
Debra Jenkins,,FALSE,2015,Processor,"Requirements for pick up may apply (e.g., size).",www.palletsbyifco.com,,404-622-2406,404-622-6060,103,8-5 M-F,Yes,90,"Wood pallets, plastic pallets",Other,"Collect, Processor, Broker",,IFCO Systems (formerly Bromley Pallet Recyclers),Fulton,,-84.3534931,33.6830787
Mike Thornton,,FALSE,2015,Processor,,www.imselectronics.com,,770-987-8994,770-776-4210,104,8-4:30 M-F,Yes,50,"Computer equipment, office materials, small household electronics",Electronics,"Collector, Processor",,"IMS Electronics Recycling, Inc.",DeKalb,,-84.176772,33.708784
Jim Stoyell,,FALSE,2015,Processor,"Accepts intermediate bulk containers (not food grade). Reconditions used, empty 30- and 55-gallon steel and platic drums and 275- and 330-gallon tanks.",www.iconserv.com,,770-228-8808,770-228-5500,105,8-5 M-F,Yes,15,"Plastic drums, metal drums",Other,"Collector, Processor",,Industrial Container Systems,Spalding,,-84.2636248,33.2603013
Marcus Maron,,FALSE,2015,Processor,Subscription hauling company collects most materials from commercial accounts. Dumpster-free recycling service.,www.insideoutrecycling.org,marcus@insideoutrecycling.org,,770-574-4531,106,,Yes,,"Steel cans, aluminum cans, paper, newspaper, cardboard, mixed paper, magazines, office paper, glass, PET, HDPE, phone books, PP, PVC, PS, batteries",Single-stream,Collector,,InsideOut Recycling,Gwinnett,,-83.9547694,34.058863
,,FALSE,2015,Processor,Single-stream facility.,www.irswaste.com,,,670-854-8169,107,9-5 M-F,Yes,,"Newspaper, corrugated boxes, cardboard, magazines, office paper, telephone books, shopping catalogs, aluminum cans, steel cans, plastic drink bottles, plastic milk jugs, washing detergent bottles, glass bottles, mail, grocery bags",Single-stream,"Collector, Processor",,Integrated Waste Solutions,Fulton,,-84.592894,33.548537
,,TRUE,2015,Processor,Accepts corrugated containers and recycles them to produce liner board.,www.interstatepaper.com,interstatepaper@interstateresources.com,912-884-3426,912-884-3371,108,8-4:30 M-F,No,,"Paper, cardboard",Paper,"Collector, Processor, End User",,"Interstate Paper, LLC",Liberty,,-81.4162817,31.7414161
,TRUE,,2015,Processor,In-closure,,,,,109,,,,,Single-stream,,081-010P(RM),Jefferson County - CR 138 MRF,Jefferson,,-82.41195556,32.10397222
Jim Finch,,FALSE,2015,Processor,"Asset management services available for data removal, serial number reporting and removal of asset tags. E-mail or call for pick up services.",,jim.finch@comcast.net,678-807-5260,404-697-3996,110,9-6 M-F,Yes,1,"Computer equipment, telephone equipment",Electronics,"Collector, Processor, Broker",,"JF Industries, LLC",Fulton,,-84.230311,34.083536
Hal Johnson,,FALSE,2015,Processor,Closes at noon on Wednesdays.,www.facebook.com/pages/Johnson-Auto-Salvage/345275594319,,,770-227-4244,111,"8:30-5:30 M-F, 8:30-2 Sa",Yes,,Autos,Other,"Collector, Processor",,Johnson Auto Salvage,Spalding,,-84.230279,33.190069
Louise Johnson,,FALSE,2015,Processor,,,johnsonrecycle@yahoo.com,478-374-0760,478-374-7331,112,8-5 M-F,Yes,5,"Metals, ferrous metals, steel cans, metal appliances, autos, non-ferrous metals, aluminum cans, newspaper, paper, cardboard",Single-stream,"Collector, Processor",,Johnson's Recycle,Dodge,,-83.2694955,32.202565
Polly Jones,,FALSE,2015,Processor,Pick up for vehicles only. Will provide roll-offs for metals from tear-downs.,,,706-367-4252,706-367-8632,113,"8-5 M-F, 8-noon Sa",Yes,10,"Autos, scrap metal, ferrous metal, non-ferrous metal",Metal,"Collector, Processor",,Jones Auto Salvage,Jackson,,-83.6546944,34.1023105
Al Curtis,,FALSE,2015,Processor,Fee charged to accept monitors.,,kclub@comcast.net,,678-300-7241,114,"1-3, 6-8 M-S",Yes,2,Computer equipment,Electronics,"Collector, Processor",,Kclub Electronics,Cobb,,-84.6728185,33.9020208
Brett Stallworth or Eric Sidewater,,TRUE,2015,Processor,Accepts post-consumer and post-Industrial. Picks up truckloads from suppliers.,www.nemoplastics.com,bstallworth@nemoplastics.com,770-534-0504,770-534-0505,138,24 hours,Yes,50,"HDPE, PP, PET, injection grade plastics, film plastic, aluminum, steel cans, OCC, polypropylene, polyethylene",Single-stream,"Collector, Processor, Broker",,"Nemo Plastics, Inc.",Hall,,-83.807314,34.260745
Jason Maddox,,FALSE,2015,Processor,,www.scrapmetalprocessor.com,smp1ox@aol.com,770-786-2880,770-786-5119,115,"8-5 M-F, 8-3 Sa",Yes,,"Metals, ferrous metals, steel cans, metal appliances, non-ferrous metals, aluminum cans, shred material, steel, iron, copper, aluminum, industrial scrap metal, tin, brass, scrap steel, cast iron, heavy machinery, heavy steel, old appliances, white goods, plate and structural steel, vehicles, metal stamping skeletons, insulated copper wire, alternators, starters, red and yellow brass, radiators, electric motors, aluminum scrap, sheet aluminum, rims, aluminum siding, plate aluminum, structural aluminum, cast aluminum, transmissions, steel turnings, motor blocks, stainless steel, gaylord boxes",Metal,"Collector, Processor",,L.B. Recycling & Waste Services,Newton,,-83.8795669,33.5811133
Tom Magerkurth,,FALSE,2015,Processor,Provides pick up for large volumes only. Call for details.,www.mwpallet.com,mwpallet@bellsouth.net,478-929-2115,478-929-2238,121,7-3 M-F,Yes,,"Wooden pallets, boxes and crates",Wood,"Collector, Processor, End User",,M&W Pallet Co.,Houston,,-83.59761,32.5595501
,,FALSE,2015,Processor,Manufactures PET fiber for carpet.,www.marglen.com,,,706-295-5621,122,,No,,PET,Plastic,"Processor, Broker",,"Marglen Industries, Inc.",Floyd,,-85.0828661,34.3190424
Tate Beavers,,FALSE,2015,Processor,Serves metro Atlanta area.,www.partsrequest.com,mas30067@comcast.net,770-422-8059,770-423-0198,123,"8-5 M-F, 8-2 S",Yes,5,Autos,Other,"Collector, Processor",,Marietta Auto Salvage,Cobb,,-84.5157307,33.9449094
Rob Fetaula,,FALSE,2015,Processor,,www.marketvelocity.com,customerservice@marketvelocity.com,770-925-9064,770-325-6300,124,9-5 M-F,No,,"Computer equipment, cell phones, digital cameras, servers (Intel and non-Intel based), large flat panel displays and monitors, network equipment, printers (dot matrix, laser, line, multi-function, plotter), projectors, storage devices, MP3, gaming systems, GPS",Electronics,"Collector, Processor",,"Market Velocity, Inc.",Gwinnett,,-83.9833599,34.0619825
,,FALSE,2015,Processor,"Drums must be in good condition, completely empty with all parts installed. Hours vary in the summer.",www.mcconnelldrumservice.com,mdsi@mindspring.com,770-458-0680,770-451-1100,126,8:30-4 M-F,Yes,3,"Plastic drums, steel drums",Other,"Collector, Processor",,"McConnell Drum Service, Inc.",DeKalb,,-84.284063,33.89952
,,FALSE,2015,Processor,Will pick up industrial loads of solvents and flammable materials. Call for details. ,www.mcfsystems.com,salesmcf@mcfsystems.com,770-593-9919,770-593-9434,127,8-5 M-F,Yes,28,"Hazardous and non-hazardous waste streams, including universal waste mercury bulbs, batteries and ballasts, used motor oil, mercury-containing items, e-scrap, paint, hazardous waste, dry cleaning waste",Other,"Collector, Processor",,"MCF Systems, Inc.",Clayton,,-84.310267,33.6362949
John Patterson,,FALSE,2015,Processor,"Prior to accepting spent batteries, a customer profile sheet must be completed.",www.metalconversion.com,info@metalconversion.com,678-560-8598,678-721-0022,128,8-4:30 M-F,Yes,14,Batteries,Other,"Collector, Processor",,"Metal Conversion Technologies, LLC",Bartow,,-84.8011864,34.1789646
,,TRUE,2015,Processor,,www.metroalloysinc.com,,404-753-5409,404-753-6063,129,8-4:30 M-F,Yes,76,"Ferrous metals, non-ferrous metals",Metal,"Collector, Processor",,"Metro Alloys, Inc.",Fulton,,-84.42587,33.695288
,TRUE,,2015,Processor,,www.mgrecycle.com,,770-326-6009,770-326-6000,130,"7-5 M-Th, 7-4 F",,,"Construction waste, demolition debris, asphalt, concrete, masonry, dirt, rock",C&D,"Collector, Processor",067-039P(MRF),"Metro Green, LLC",Gwinnett,,-84.24555,33.911142
Ray Hendricks or Becky Williams,,FALSE,2015,Processor,Refurbishes and sells most major brand printer and toner cartridges from individuals and large users. Call first for details.,www.metrolaser.com,info@metrolaser.com,770-938-1574,770-938-1500,131,"8-5 M-Th, 8-4 F",No,,"Ink cartridges, laser toner cartridges, other printer consumables",Electronics,"Collector, Processor",,Metro Laser,DeKalb,,-84.197298,33.848358
Jim Norris,,TRUE,2015,Processor,Repairs and recycles pallets.,,,478-472-6302,800-569-2408,132,7:30-3:30 M-F,Yes,7,Wood pallets,Wood,"Collector, Processor, End User",,Mid State Pallet,Macon,,-84.0250616,32.2848465
Larry McClesky,,FALSE,2015,Processor,Drop off location only.,,,404-696-5632,404-696-6964,133,8-5 M-F,No,4,"Aluminum cans, non-ferrous metals",Metal,"Collector, Processor",,Mid-South Supply,Cobb,,-84.600747,33.8155485
,,FALSE,2015,Processor,,,,,770-207-6586,134,"9-5 M-F, 9-noon Sa",No,4,"Metals, non-ferrous metals, aluminum cans, brass, copper, radiators",Metal,"Collector, Processor",,Monroe Metal Recyclers,Walton,,-83.7249643,33.7637786
John Morris,,TRUE,2015,Processor,,www.morrissalvage.webs.com,morrissalvage@bellsouth.net,912-526-6808,912-526-6875,135,"8-5:30 M-F, 8-11 Sa",Yes,8,"Metals, ferrous metals, non-ferrous metals, aluminum cans, metal appliances, autos, brass, copper",Metal,"Collector, Processor",,"Morris Salvage, Inc.",Toombs,,-82.2844494,32.1988122
Robert Little,,FALSE,2015,Processor,Accepts from businesses and individuals.,www.mveltd.com,info@mveltd.com,678-669-2121,678-963-0806,136,9-5 M-F,Yes,4,"Computer equipment, networking equipment",Electronics,"Collector, Processor",,"Multi Venture Equity, Ltd.",Barrow,,-83.775316,33.957795
Scott Smith,,TRUE,2015,Processor,Brokerage firm dealing in minimum 20-ton quantities. All material must be rolled or baled.,www.nationalfibersupply.com,scott.smith@nationalfibersupply.com,770-487-5659,770-487-2408,137,8-5 M-F,Yes,,"Newspaper, cardboard, mixed paper, office paper",Paper,Broker,,National Fiber Supply Co.,Fayette,,-84.483278,33.449649
Christiana Culberson,,TRUE,2015,Processor,"Accepts all metals including: stainless steel, appliances and tin, non-ferrous, ferrous, trailers, copper, alloys, cans, iron, cars.",www.newellrecycling.com,recyclers@newellrecycling.com,,706-432-3880,140,"9-4 M-F, 8-noon Sa",Yes,,"Metals, ferrous metals, applicances, autos, non-ferrous metals, aluminum cans",Metal,"Collector, Processor",,"Newell Recycling of Augusta, LLC",Richmond,,-81.983025,33.450537
Christiana Culberson,,TRUE,2015,Processor,"Accepts all metals including: stainless steel, appliances and tin, non-ferrous, ferrous, trailers, copper, alloys, cans, iron, cars.",www.newellrecycling.com,recyclers@newellrecycling.com,,706-324-1710,141,8-4 M-F,Yes,,"Metals, ferrous metals, applicances, autos, non-ferrous metals, aluminum cans",Metal,"Collector, Processor",,"Newell Recycling of Columbus, LLC",Muscogee,,-84.9473968,32.4545679
Christiana Culberson,,TRUE,2015,Processor,"Accepts all metals including: stainless steel, appliances and tin, non-ferrous, ferrous, trailers, copper, alloys, cans, iron, cars.",www.newellrecycling.com,recyclers@newellrecycling.com,,770-483-0840,142,8-4 M-F,Yes,,"Metals, ferrous metals, applicances, autos, non-ferrous metals, aluminum cans",Metal,"Collector, Processor",,"Newell Recycling of Conyers, LLC",Rockdale,,-83.97037,33.633806
Julian Powell,,FALSE,2015,Processor,Pick up by appointment. For details zentech.org/recycling.html.,www.zentech.org,recycle@zentech.org,,404-551-5174,256,,Yes,,"Computer equipment, televisions, cell phones, VCRs, stereo components",Electronics,"Collector, Processor, Broker",,Zentech Computer Recycling,Fulton,,-84.4105979,34.08301
Christiana Culberson,,FALSE,2015,Processor,"Accepts all metals including: stainless steel, appliances and tin, non-ferrous, ferrous, trailers, copper, alloys, cans, iron, cars.",www.newellrecycling.com,recyclers@newellrecycling.com,,770-942-9290,143,8-4; M-F; 8-Noon Sat.,Yes,,"Metals, ferrous metals, applicances, autos, non-ferrous metals, aluminum cans",Metal,"Collector, Processor",,"Newell Recycling of Douglas, LLC",Douglas,,-84.686797,33.792853
,TRUE,,2015,Processor,,,,,,161,,,,,Single-stream,,033-098P(MRF),Plant Atkinson Transfer Station MRF,Cobb,,-84.478214,33.8319
Christiana Culberson,,TRUE,2015,Processor,"Accepts all metals including: stainless steel, appliances and tin, non-ferrous, ferrous, trailers, copper, alloys, cans, iron, cars.",www.newellrecycling.com,recyclers@newellrecycling.com,,770-446-6883,144,"7-5 M-F, 8-noon Sa",Yes,,"Metals, ferrous metals, applicances, autos, non-ferrous metals, aluminum cans",Metal,"Collector, Processor",,"Newell Recycling of Gwinnett, LLC",Gwinnett,,-84.255056,33.925544
Christiana Culberson,,TRUE,2015,Processor,"Accepts all metals including: stainless steel, appliances and tin, non-ferrous, ferrous, trailers, copper, alloys, cans, iron, cars.",www.newellrecycling.com,recyclers@newellrecycling.com,,706-356-7040,145,"8-4 M-F, 8-11:30 Sa",Yes,,"Metals, ferrous metals, applicances, autos, non-ferrous metals, aluminum cans",Metal,"Collector, Processor",,"Newell Recycling of Lavonia, LLC",Franklin,,-83.1220244,34.3907507
Christiana Culberson,,TRUE,2015,Processor,"Accepts all metals including: stainless steel, appliances and tin, non-ferrous, ferrous, trailers, copper, alloys, cans, iron, cars.",www.newellrecycling.com,recyclers@newellrecycling.com,,478-781-8118,146,"8-4 M-F, 8-noon Sa",Yes,,"Metals, ferrous metals, applicances, autos, non-ferrous metals, aluminum cans",Metal,"Collector, Processor",,"Newell Recycling of Macon, LLC",Bibb,,-83.652987,32.782299
Christiana Culberson,,FALSE,2015,Processor,"Accepts all metals including: stainless steel, appliances and tin, non-ferrous, ferrous, trailers, copper, alloys, cans, iron, cars.",www.newellrecycling.com,recyclers@newellrecycling.com,,706-235-2530,147,"9-4:30 M-F, 9-12:30 Sa",Yes,,"Metals, ferrous metals, applicances, autos, non-ferrous metals, aluminum cans",Metal,"Collector, Processor",,"Newell Recycling of Rome, LLC",Floyd,,-85.1189813,34.2956505
Christiana Culberson,,TRUE,2015,Processor,"Accepts all metals including: stainless steel, appliances and tin, non-ferrous, ferrous, trailers, copper, alloys, cans, iron, cars.",www.newellrecycling.com,recyclers@newellrecycling.com,,912-395-8900,148,8-4:30 M-F,Yes,,"Metals, ferrous metals, applicances, autos, non-ferrous metals, aluminum cans",Metal,"Collector, Processor",,"Newell Recycling of Savannah, LLC",Chatham,,-81.1540013,32.1143715
Christiana Culberson,,FALSE,2015,Processor,"Accepts all metals including: stainless steel, appliances and tin, non-ferrous, ferrous, trailers, copper, alloys, cans, iron, cars.",www.newellrecycling.com,recyclers@newellrecycling.com,,912-681-2428,149,"8:30-4:30 M-F, 8-noon Sa",Yes,,"Metals, ferrous metals, applicances, autos, non-ferrous metals, aluminum cans",Metal,"Collector, Processor",,"Newell Recycling of Statesboro, LLC",Bulloch,,-81.8003979,32.4156837
Christiana Culberson,,TRUE,2015,Processor,"Accepts all metals including: stainless steel, appliances and tin, non-ferrous, ferrous, trailers, copper, alloys, cans, iron, cars.",www.newellrecycling.com,recyclers@newellrecycling.com,,404-669-5000,150,8-4 M-F,Yes,,"Metals, ferrous metals, applicances, autos, non-ferrous metals, aluminum cans",Metal,"Collector, Processor",,"Newell Recycling of Tucker, LLC",DeKalb,,-84.235485,33.842183
,,,2015,Processor,,,,,678-997-5967,152,,,,Scrap tires,Scrap Tires,,,"Northeast Georgia Tire Recycling, Inc.",Hart,,-82.96516,34.337868
Paul Bacon,,FALSE,2015,Processor,Provides pick up only for industrial customers. Call for details. Shredder available.,www.ocomet.com,ecloud@ocomet.com,770-385-0072,770-385-0087,153,"8-4:30 M-F, 8-12:30 Sa",Yes,22,"Non-ferrous metals: light copper, insulated copper, wire copper, brass turnings, red and yellow brass, auto radiators, electric motors; aluminum scrap: sheet aluminum, aluminum cans, rims, aluminum siding plate, aluminum structural, aluminum cast, aluminum transmissions; scrap steel: cast iron, heavy machinery, heavy steel, light sheet, old appliances, plate and structural steel, slitter coils, steel turnings, motor blocks, stainless scrap all grades",Metal,"Collector, Processor",,Oconee Metal Recovery,Newton,,-83.8800749,33.5804354
Will Evans ,,TRUE,2015,Processor,"Collection site. Autos must have tires, gas tanks, and batteries removed. Call for details.",www.omnisource.com,,706-613-6114,706-613-5201,154,8-4:30 M-F,Yes,,"Metals, ferrous metals, steel cans, metal appliances, autos, non-ferrous metals, aluminum cans",Metal,"Collector, Processor",,Omni Source ,Clarke,,-83.342497,33.982216
,,,2015,Processor,"Collection site. Autos must have tires, gas tanks, and batteries removed. Call for details.",www.omnisource.com,,229-423-7980,229-423-4816,155,"8-5 M-F, 8-12 Sa",Yes,,"Metals, ferrous metals, steel cans, metal appliances, autos, non-ferrous metals, aluminum cans",Metal,"Collector, Processor",,Omni Source ,Ben Hill,,-83.247378,31.702671
Bob Barrett,,TRUE,2015,Processor,"Pallet manufacturer, mulch (mostly new pallets, but do make some recycled pallets).",www.timbermen.net,jstephens@camak.net,706-465-3025,706-465-3506,229,8-5 M-F,Yes,170,Wood pallets,Wood,"Collector, Processor",,"The Timbermen, Inc.",Warren,,-82.6466871,33.4523419
,,,2015,Processor,"Collection site. Autos must have tires, gas tanks, and batteries removed. Call for details.",www.omnisource.com,,478-237-4107,478-237-0199,156,8-5 M-F,Yes,,"Metals, ferrous metals, steel cans, metal appliances, autos, non-ferrous metals, aluminum cans",Metal,"Collector, Processor",,Omni Source ,Emanuel,,-82.324264,32.575987
,,FALSE,2015,Processor,,www.palletlogisticsinc.net,,404-622-6306,404-622-6304,157,8-4:30 M-F,Yes,15,Wood pallets,Wood,"Collector, Processor",,Pallet Logistic and Service Corp.,DeKalb,,-84.34811,33.692829
Ira Levy,,TRUE,2015,Processor,Document destruction company. Offers collection for most types of paper and some plastics.,www.paperrecoveryofgeorgia.com,info@paperrecoveryofgeorgia.com,706-291-1221,706-291-2988,158,8-5 M-F,Yes,30,"Cardboard, paper, books, coated sections and corrugated, colored and computer ledger, fly leaf shavings, white ledger, office paper, mixed paper, newspaper, plastics, printers mix, pulp substitutes, specialty grades and roll stock, bakery waste",Single-stream,"Collector, Processor, Broker",,"Paper Recovery of Georgia, Inc.",Floyd,,-85.1684758,34.2431921
Cynthia Poselenzny,,FALSE,2015,Processor,"Sells recycled concrete aggregate, mulch, top soil and compost. Co-mingled material not accepted. Roll-off containers available within metro Atlanta. Call for list of currently accepted materials.",www.wastegrinding.com,,404-505-1450,404-505-1449,159,7-5 M-F,Yes,24,"Construction and demolition debris, clean unpainted wood, yard trimmings, concrete, asphalt, granite, marble, bricks, block, metal, non-painted gypsum board, ceiling tile (call for requirements)",C&D,"Collector, Processor",,"Patterson Services, Inc.",Cobb,,-84.4932416,33.8118145
Joyce Pirkle,,FALSE,2015,Processor,Provides pick up for industrial accounts only. Call for details. Accepts walk-ins.,www.pirkleinc.com,info@pirkleinc.com,404-525-5303,404-525-1464,160,"8-4 M-F, 8-3 Sa",Yes,45,"Ferrous and non-ferrous metals, including copper, brass, aluminum, stainless and appliances",Metal,"Collector, Processor",,"Pirkle, Inc.",Fulton,,-84.406764,33.738936
Chas Yancey,,TRUE,2015,Processor,Processes all consumer electronics. Provides secure data wiping and hard drive shredding and processing.,www.plasmet.com,info@plasmet.com,,770-547-6014,162,8-5 M-F,Yes,25,"Computers, servers, printers, consumer electronics of all type",Electronics,"Collector, Processor",,PlasMet e-Solutions,Dekalb,,-84.33225,33.6858
Ron Mitchell,,FALSE,2015,Processor,"Purchases post-industrial, post-use, and post-consumer scrap plastic in minimum 10,000-lb. loads.",www.polymark.com,sales@polymark.com,770-951-2474,770-952-1147,163,9-5 M-F,Yes,5,"PET, HDPE, film plastic, PP, PS, PVC, all thermoplastics",Plastic,Broker,,"Polymer Marketing, Inc.",Cobb,,-84.4744653,33.9283417
Tim Mitchell,,FALSE,2015,Processor,Full service post-industrial plastic recycler. Accepts a wide range of commodity-grade or engineering-grade plastics. Offers programs to recycle truck-load quantities of plastics on a recurring basis. Spot materials considered on a case-by-case basis.,www.polymersciences.com,tim@polymersciences.com,404-346-0699,770-715-5286,164,24 hours,Yes,30-40 ,"Polyethylene (PE), polypropylene (PP), and polystyrene (PS) materials, including expanded polystyrene (EPS), also referred to as Dow-StyrofoamÂ",Plastic,"Collector, Processor, Broker",,"Polymer Sciences, Inc.",Fulton,,-84.575435,33.73462
,TRUE,,2015,Processor,,www.prattindustries.com,,,678-210-5566,165,,,,"Mixed paper, cardboard, newspaper, magazines, catalogs, office paper, books, mail, LDPE film, PET and steel banding, pallets, #1-7 plastic containers, other plastic, aluminum cans, steel cans, glass",Single-stream,,,"Pratt Recycling, Inc.",Rockdale,,-84.985853,33.661144
,,FALSE,2015,Processor,MRF accepts single-stream and source-separated materials. Accepts clean loads of OCC and mixed paper.,www.prattindustries.com,,,706-526-1020,166,9-5 M-F,Yes,,"Mixed paper, cardboard, office paper, newspaper, telephone books, magazines, other paper, PET, HDPE, PP, PVC, PS, film plastic, clear glass, brown glass, green glass, steel cans, aluminum cans",Single-stream,"Collector, Processor, Broker",,"Pratt Recycling, Inc.",Muscogee,,-84.9877094,32.4609764
,,FALSE,2015,Processor,Accepts all bulk fiber grades.,www.prattindustries.com,,912-233-9151,912-233-9149,168,7-5 M-F,Yes,16,Paper,Paper,"Collector, Processor, Broker",,"Pratt Recycling, Inc.",Chatham,,-81.145818,32.0474279
Kevin Bailey,TRUE,FALSE,2015,Processor,MRF accepts single-stream and source-separated materials. Accepts clean loads of OCC and mixed paper.,www.prattindustries.com,kbailey@prattindustries.com,404-768-7069,404-768-0957,169,6-4 M-F,Yes,30,"Mixed paper, cardboard, office paper, newspaper, telephone books, magazines, other paper, PET, HDPE, PP, PVC, PS, film plastic, clear glass, brown glass, green glass, steel cans, aluminum cans",Single-stream,"Collector, Processor, Broker",060-085P(RM),"Pratt Recycling, Inc.",Fulton,,-84.42785,33.692229
Glen Crowe,,FALSE,2015,Processor,Accepts all ferrous and non-ferrous metals.,www.pscmetals.com,gcrowe@pscmetals.com,770-774-9097,770-774-9099,170,"8-4:30 M-F, 8-4 Sa",Yes,,"Non-ferrous metals, ferrous metals, radiators, aluminum cans, steel cans, copper, aluminum sheet, wheels, cast aluminum",Metal,"Collector, Processor",,"PSC Metals, Inc.",Fulton,,-84.550615,33.558295
,FALSE,FALSE,2015,Processor,Accepts salvage/junk vehicles. ,www.pullapart.com,,,770-242-8844,171,8-6 M-Su,Yes,,Autos,Metal,"Collector, Processor",,Pull-A-Part,DeKalb,,-84.123045,33.733888
,FALSE,FALSE,2015,Processor,Accepts salvage/junk vehicles. ,www.pullapart.com,,,770-242-8844,172,8-6 M-Su,Yes,,Autos,Metal,"Collector, Processor",,Pull-A-Part,Gwinnett,,-84.173752,33.966322
,FALSE,FALSE,2015,Processor,Accepts salvage/junk vehicles. ,www.pullapart.com,,,706-432-0600,174,8-6 M-Su,Yes,,Autos,Metal,"Collector, Processor",,Pull-A-Part,Richmond,,-84.941247,33.464989
,,FALSE,2015,Processor,,www.libertytire.com,,770-775-7442,770-775-3304,175,8-4 M-F,Yes,35,Scrap tires,Scrap Tires,"Collector, Processor",,"Quality Tire Recycling, Inc. (subsidiary of Liberty Tire)",Butts,,-83.9540248,33.3007296
,,,2015,Processor,,,,,229-723-6826,230,,,,Scrap tires,Scrap Tires,,,Tillman's Scrap Tire Co.,Early,,-84.966385,31.457802
Bob Rust,,FALSE,2015,Processor,"Repairs and distributes equipment to Georgians with disabilities, active seniors and the less fortunate. Accepts all computer equipment, cell phones, PDAs and phone systems. Contact first; fees may apply. Pick up available for large quantities.",www.touchthefuture.us,,770-934-8433,770-934-8432,176,10-4 M-W,Yes,4,"Computer equipment, cell phones, networking equipment",Electronics,"Collector, Processor",,"Reboot (Touch the Future, Inc.)",DeKalb,,-84.262294,33.8222
,,TRUE,2015,Processor,Confidential document destruction.,www.recall.com,,,770-776-1000,177,8-8 M-F,Yes,,"Paper, other paper, office paper",Paper,"Collector, Processor",,Recall,Gwinnett,,-84.220341,33.9611189
,,FALSE,2015,Processor,Produces tire chips.,www.recoveredmaterials.net,,,912-632-4751,178,8-5 M-F,Yes,15,Scrap tires,Scrap Tires,"Collector, Processor",,"Recovered Materials, Inc.",Bacon,,-82.5229024,31.5287615
,,FALSE,2015,Processor,"Minimum quantities required. Call for details. No drop-offs. Provides silver recovery services for film and processing solutions for various organizations  such as hospitals, photo processors, and printers.",www.safety-kleen.com,alvin.gillies@safety-kleen.com,,478-788-9398,194,8-5 M-F,Yes,7,"Oil filters, motor oil, fluorescent lamps, solvents, paint products, dry cleaning products, waste water ",Other,"Collector, Processor",,"Safety-Kleen Systems, Inc.",Bibb,,-83.65367,32.727853
,,FALSE,2015,Processor,Accepts most types of plastics. Industrial scrap only; no post-consumer.,www.recycledmaterialsinc.com,donaldw@recycledmaterials.com,404-753-7716,404-753-7711,179,8:30-4:30 M-F,Yes,35,"ABS trim scrap from sheet, injection scrap; acrylic sign scrap, trim scrap from thermoforming; automobile bumpers (plastic only); general purpose polystyrene; HDPE bottles, sheet, crates, parts, and purge; HDPE-HMW barrels, syrup containers; HIPS trim scrap with or without print; LDPE film scrap, bubble wrap; PET bottles, strapping, sheet, film, and purge; polycarbonate sign scrap; polyethylene foam (PE foam); polyurethane foam; PP bottles, containers, sheet, and purge; stretch film baled; TPO automotive with or without paint",Plastic,"Collector, Processor",,"Recycled Materials, Inc.",Fulton,,-84.571948,33.744287
,,FALSE,2015,Processor,Container services and pick up available. Call for details.,www.recyclersrresources.com,,770-437-9272,770-434-8799,180,"12-6 Tu-Th, 12-4 F",Yes,,"Aluminum, brass, copper, radiators, scrap steel, appliances, stainless metals, transmissions ",Metal,"Collector, Processor",,Recyclers Resources,Cobb,,-84.588118,33.880505
Brad Loyd,,TRUE,2015,Processor,Accepts most types of electronics equipment from businesses and industry. Charges fee for TVs.,www.regencytechnologies.com,bradlloyd@regencytechnologies.com,404-349-0703,678-733-0212,181,7-3:30 M-F,Yes,135,"Computer and electronics equipment, appliances, TVs",Electronics,"Collector, Processor",,Regency Technologies,Cobb,,-84.6438,33.809569
,TRUE,,2015,Processor,,,,,,219,,,,,Single-stream,,092-024P(MRF),Southern Roll-Off and Recycling,Lowndes,,-83.23245,30.77464167
Bud Stumbaugh,,FALSE,2015,Processor,"Refurbishes automotive bumpers, front and rear. Bumpers damaged beyond repair are sent for regrinding and recycling.",www.rbxonline.com,,770-754-1021,770-754-1040,182,8-5 M-F,Yes,15,Plastic automotive bumpers,Plastic,"Collector, Processor",,Remanufactured Bumper Exchange,Fulton,,-84.238083,34.111318
Ashley D. Parker,,FALSE,2015,Processor,"Collects most curbside materials from multi-family units, schools, small businesses and corporate offices.",www.remixatlanta.com,info@remixatlanta.com,404-920-3470,404-663-0413,183,8-4 M-F,Yes,,"Metals, steel cans, aluminum cans, paper, newspaper, cardboard, mixed paper, magazines, office paper, other paper, glass, PET, HDPE, film plastic, PP, phone books, white goods, e-scrap",Single-stream,Collector,,ReMix Recycling,Fulton,,-84.405099,33.76593
Steven LaVance,,FALSE,2015,Processor,Buys and refurbishes computers and printers from businesses only. Call first for details.,www.renewcomputer.com,esales@renewcomputer.com,770-925-7318,770-925-7315,184,10-7 M-F,Yes,,"Computer equipment, printers",Electronics,"Collector, Processor, Broker",,RENEW Computer,Gwinnett,,-84.192554,33.96223
Mike Herzog,,FALSE,2015,Processor,Accepts non-hazardous materials only.,www.rev-al.com,,404-745-0253,877-762-5488,185,8-6 M-F,Yes,,Used oil and oil-absorbent materials,Other,"Collector, Processor",,Revolutions Environmental,DeKalb,,-84.251302,33.802522
Mike Daniels,,TRUE,2015,Processor,"Processes computer and electronic equipment,  residential and commercial HVAC equipment.    Microsoft-registered refurbisher. Accepts small quantities from individuals. Offers pick up for medium to large loads. Accepts dropoffs.",www.reworxrecycling.org,mike@recycletronics.com,678-354-7002,770-426-1700,186,7-3:30 M-F,Yes,60,"PCs (desktops, laptops, tablets) smart phones, gaming systems and components, cell phones, DISH/DirecTV boxes, telephones, microwaves, stereos, copiers, printers, VCR and DVD players, remote controls, MP3 players, disk drives, camcorders, floppy drives, speakers, cameras, modems, CD players, FAX machines",Electronics,"Collector, Processor",,Reworx,Cobb,,-84.611792,33.994563
John Robinson,,FALSE,2015,Processor,Container services available. Accepts dropoffs.,,,229-241-8231,229-242-4160,187,"8-5:30 M-F, 8-noon Sa",No,12,"Metals, ferrous metals, metal appliances, non-ferrous metals, aluminum cans, copper",Metal,"Collector, Processor",,Robinson Recycling,Lowndes,,-83.2517034,30.8189862
Gladys Sanford,,FALSE,2015,Processor,,,,,770-929-3908,188,8-5 M-F,Yes,,"Metals, non-ferrous metals, aluminum cans",Metal,"Collector, Processor",,Rockdale Recycling and Metals,Rockdale,,-84.013093,33.644818
Jason Milford,,TRUE,2015,Processor,Accepts baled and loose in gaylords. Call for details.,,jmilfor2@rocktenn.com,706-722-6215,706-722-9603,189,8-5 M-F,Yes,15,"Aluminum cans, paper, cardboard, newspaper, magazines, office paper, mixed paper, PET, HDPE, PVC, film plastic, PP, PS, ABS, nylon",Single-stream,"Collector, Processor",,WestRock,Richmond,,-81.979338,33.475769
,,FALSE,2015,Processor,Drop off or call to arrange pick up for commercial and office accounts.,,,770-939-1520,770-939-1775,190,"8-3:30 M-Th, 7:30-3 F",Yes,15,"Office paper, cardboard, mixed paper, newspaper, magazines, paperboard, phone books, tubes and cores, hard white paper, double-line kraft (DLK), hardcover books, paperback books, aluminum, metal cans",Single-stream,Collector,,WestRock,DeKalb,,-84.2502791,33.8403424
Mike Jeffrey,,TRUE,2015,Processor,Accepts commercial and residential loads of single-stream recyclables.,www.rocktenn.com,,678-403-3939,678-403-3900,191,7-5 M-F,Yes,50,"Aluminum cans, paper, newspaper, cardboard, mixed paper, magazines, office paper, other paper, phone books",Single-stream,"Collector, Processor, Broker",,Rock-Tenn (Smurfit Stone Recycling),Cobb,,-84.5903367,33.8955185
Dennis Slade,,FALSE,2015,Processor,On-site grinding operation processes land-clearing debris and yard trimmings into mulch. Roll-off boxes available.,,,770-504-0844,770-914-7769,192,7:30-5 M-F,Yes,5,"Yard trimmings, land-clearing debris",Organics,"Collector, Processor",,"S&B Rolloff, Inc.",Henry,,-84.0581282,33.3206412
,TRUE,,2015,Processor,,,,,706-277-2545,252,,,,"Carpet; carpet padding; tubes, cores and cones from carpet industry; #1 and #2 plastics; office paper; newspaper; magazines; cardboard; phone books; aluminum cans; glass ",Single-stream,,155-049P(RM),Whitfield County - Old Dixie Hwy. MRF,Whitfield,,-84.95852222,34.65607778
Mac Hail,,FALSE,2015,Processor,"Minimum quantities required. Call for details. No drop-offs. Provides silver recovery services for film and processing solutions for various organizations  such as hospitals, photo processors, and printers.",www.safety-kleen.com,james.haile@safety-kleen.com,912-964-5118,912-964-7040,193,8-5 M-F,Yes,6,"Motor oil, alkaline batteries, flammable liquids, industrial chemicals and solvents, petroleum products  ",Other,"Collector, Processor",,"Safety-Kleen Systems, Inc.",Chatham,,-81.1659298,32.1167496
Olen Arnold,,FALSE,2015,Processor,"Minimum quantities required. Call for details. No drop-offs. Provides silver recovery services for film and processing solutions for various organizations  such as hospitals, photo processors, and printers.",www.safety-kleen.com,,770-960-0072,770-960-1275,195,8-5 M-F,Yes,20,"Motor oil, alkaline batteries, flammable liquids, industrial chemicals and solvents, petroleum products",Other,"Collector, Processor",,"Safety-Kleen Systems, Inc.",Clayton,,-84.342454,33.562689
Gary Bonds,,FALSE,2015,Processor,"Minimum quantities required. Call for details. No drop-offs. Provides silver recovery services for film and processing solutions for various organizations  such as hospitals, photo processors, and printers.",www.safety-kleen.com,,770-840-9791,770-662-5151,196,7-5 M-F,Yes,20,"Oil filters, motor oil, fluorescent lamps, solvents, paint products, dry cleaning products, waste water ",Other,"Collector, Processor",,"Safety-Kleen Systems, Inc.",Gwinnett,,-84.1869523,33.9669117
David Lightsy,,FALSE,2015,Processor,Customers must receive an authorization number before sending batteries. Call for details.  Will accept small amounts of lead and alkaline batteries for disposal.,www.saftbatteries.com,,229-245-2928,229-245-2918,197,7-3:30 M-F,No,3,"Batteries and rechargeable batteries: nickel cadmium, nickel iron, nickel-metal hydride, lithium ion and zinc depolarized batteries",Other,Collector,,SAFT America,Lowndes,,-83.2784851,30.8327022
Randy Hatfield,,FALSE,2015,Processor,Accepts post-industrial scrap plastic and paper.,www.sbcrecycling.com,randy.hatfield@sbcrecycling.com,770-439-7604,770-439-0112,198,7:30-4 M-F,Yes,10,"PET, HDPE, LLDPE, film plastic, PP, PS, PVC, ABS, PC/ABS, nylon and acetyl, paper",Plastic,"Collector, Processor, Broker",,SBC Recycling,Cobb,,-84.683824,33.8595491
Chip Koplin,,TRUE,2015,Processor,Offers pick up for industrial accounts only.,www.schnitzersteel.com,,229-438-8638,229-432-6255,199,"7:30-4:30 M-F, 7:30-noon Sa",Yes,,"Ferrous metals, non-ferrous metals",Metal,"Collector, Processor",,Schnitzer Southeast,Dougherty,,-84.118905,31.5692883
Chip Koplin,,TRUE,2015,Processor,Restrictions may apply to acceptance of appliances and autos. Pick up available for large accounts only. Call for details.,www.schnitzersteel.com,,404-332-1719,404-332-1750,200,"8-4 M-F, 8-noon Sa",Yes,,Ferrous metals,Metal,"Collector, Processor",,Schnitzer Southeast,Fulton,,-84.3960021,33.72975
Chip Koplin,,FALSE,2015,Processor,,www.schnitzersteel.com,,404-622-8738,404-622-1086,201,"8-4:15 M-F, 8-11:30 Sa",Yes,,Non-ferrous metals,Metal,"Collector, Processor",,Schnitzer Southeast,Fulton,,-84.379535,33.713304
Chip Koplin,,FALSE,2015,Processor,,www.schnitzersteel.com,,229-246-2732,229-246-2556,202,"7-4:30 M-F, 7:30-noon Sa",Yes,,"Ferrous metals, non-ferrous metals",Metal,"Collector, Processor",,Schnitzer Southeast,Decatur,,-84.5897206,30.9156868
Chip Koplin,,TRUE,2015,Processor,Special pricing for small dealers. Pick up available for industrial accounts.,www.schnitzersteel.com,,770-386-8717,770-386-5653,203,"8-4:30 M-F, 8-noon Sa",Yes,,"Ferrous metals, non-ferrous metals",Metal,"Collector, Processor",,Schnitzer Southeast,Bartow,,-84.795699,34.230609
Chip Koplin,,FALSE,2015,Processor,,www.schnitzersteel.com,,770-503-9516,770-534-4889,205,"8-4 M-F, 8-noon Sa",Yes,,"Ferrous metals, non-ferrous metals",Metal,"Collector, Processor",,Schnitzer Southeast,Hall,,-83.8048835,34.2565369
Chip Koplin,,FALSE,2015,Processor,,www.schnitzersteel.com,,706-820-9831,706-820-9816,206,"8-4 M-F, 8-11:30 Sa",Yes,,Non-ferrous metals,Metal,"Collector, Processor",,Schnitzer Southeast,Walker,,-85.3217044,34.9807224
Chip Koplin,,TRUE,2015,Processor,Sort municipal curbside single-stream materials. Glass must be color-separated.,www.schnitzersteel.com,,478-745-7157,478-743-6773,207,"8-4 M-F, 8-noon Sa",Yes,,"Radiators, motors, aluminum, copper, insulated copper, brass, prepared scrap iron, lead, stainless steel, paper, aluminum-copper cores, glass",Other,"Collector, Processor",,Schnitzer Southeast - Macon Iron,Bibb,,-83.632964,32.817603
Chip Koplin,,TRUE,2015,Processor,Sort municipal curbside single-stream materials. Glass must be color-separated.,www.schnitzersteel.com,,478-743-9965,478-743-6773,208,"8-4 M-F, 8-noon Sa",Yes,,"Unprepared (long) scrap iron, light sheet iron (tin), appliances (no refrigerant), large oversized scrap, whole autos (call for details), very large loads of stainless steel and aluminum-copper cores",Metal,"Collector, Processor",,Schnitzer Southeast - Macon Iron,Bibb,,-83.607013,32.823699
,,TRUE,2015,Processor,Does not accept all types of glass. Call for details.,www.selfrecycling.com,,770-382-0164,866-318-5876,209,"8-4:30 M-F, 8-11:30 Sa",Yes,35-40,"Steel scrap - structural steel, sheet rolls, coils, cast iron, punching, oversized equipment; metals - aluminum, copper, brass, stainless steel, special alloys; paper - cardboard, newspaper, mixed office paper; plastics",Single-stream,"Collector, Processor",,Self Recycling,Bartow,,-84.8099577,34.1744849
,,TRUE,2015,Processor,Does not accept all types of glass. Call for details.,www.selfrecycling.com,,706-277-0022,866-318-5876,210,"8-4:30 M-F, 8-11:30 Sa",Yes,,"Steel scrap - structural steel, sheet rolls, coils, cast iron, punching, oversized equipment; metals - aluminum, copper, brass, stainless steel, special alloys; paper - cardboard, newspaper, mixed office paper; plastics",Single-stream,"Collector, Processor",,Self Recycling,Whitfield,,-84.96494,34.789537
,,TRUE,2015,Processor,Does not accept all types of glass. Call for details.,www.selfrecycling.com,,770-382-0164,866-318-5876,211,"8-4:30 M-F, 8-11:30 Sa",Yes,,"Steel scrap - structural steel, sheet rolls, coils, cast iron, punching, oversized equipment; metals - aluminum, copper, brass, stainless steel, special alloys; paper - cardboard, newspaper, mixed office paper; plastics",Single-stream,"Collector, Processor",,Self Recycling,Pickens,,-84.470229,34.487555
Joy Ellington,,FALSE,2015,Processor,"Shreds office paper, colored paper, transparencies, carbon paper and electronic data storage devices including microfilm, CDs/DVDs, video and audio cassettes, plastic credit and ID cards, stock overruns, uniforms and defective merchandise.",www.shredit.com,atlanta@shredit.com,770-270-6920,770-270-6910,212,8:30-5:30 M-F,Yes,,"Paper, office paper, other paper",Paper,"Collector, Processor",,Shred-It,DeKalb,,-84.178812,33.857998
David Jones,,FALSE,2015,Processor,Accepts large loads of most grades of plastics. Call for details.,www.sonoco.com,david.jones6@sonoco.com,706-738-5425,706-733-7757,214,7:45-3:30 M-F,Yes,9,"Paper, newspaper, cardboard, mixed paper, magazines, other paper, office paper, PET, HDPE, aluminum cans",Single-stream,"Collector, Processor",,Sonoco Recycling,Richmond,,-81.998951,33.461528
John DeLoach,,TRUE,2015,Processor,,www.sonoco.com,,912-233-0355,912-232-4413,215,7:30-4:30 M-F,Yes,20,"Paper, newspaper, cardboard, mixed paper, magazines, other paper, office paper",Paper,"Collector, Processor",,Sonoco Recycling,Chatham,,-81.1249799,32.075885
Richard Hall,,FALSE,2015,Processor,"Accepts materials from individuals for a fee. Materials are sent to Johnson City, TN for processing.",www.recyclebulbs.com,srtrichard@bellsouth.net,770-426-4441,770-426-5000,216,9-5 M-F,Yes,3,"Computer equipment, fluorescent lamps, electronics, mercury-containing items, batteries, ballasts, automotive airbags",Electronics,Collector,,Southeast Recycling Technologies,Cobb,,-84.617238,34.033356
H.D. Wiley,,FALSE,2015,Processor,Offers 8-yard container service for cardboard. Provides pick up in special cases. Only accepts name-brand plastic bottles and clear plastic milk jugs.,,,229-888-1714,229-888-1713,217,8:30-5 M-Sa,No,12,"Non-ferrous metals, aluminum cans, paper, newspaper, other paper, PET, HDPE-clear, office paper, cardboard",Single-stream,"Collector, Processor",,"Southeastern Aluminum Recycling, Inc.",Dougherty,,-84.1412129,31.577069
John Reddien,,FALSE,2015,Processor,Accepts all electronic hardware from corporations. Call for details.,www.southernrefurb.com,john@southernrefurb.com,888-327-3459,404-456-9830,218,9-5 M-F,Yes,2,"Cell phones, desktop PCs, telephone equipment, mainframes, printers, laptops",Electronics,"Collector, Processor",,Southern Refurb,Fulton,,-84.221054,34.129548
LuAnn Chambers,,FALSE,2015,Processor,"Buyback center and drop-off location. Hauler's drop site for Forest Park single-stream processing facility. Offers pick up for schools, churches and large-volume generators. Call for scale hours.",www.spnewsprint.com,515division@spfibertech.com,770-339-8179,770-995-0014,220,7-2 M-F,Yes,15,"Newspaper, cardboard, magazines, telephone books, mixed paper, office paper, #1-7 plastic bottles, aluminum and steel cans, commercial grade plastic, miscellaneous plastic",Single-stream,"Collector, Processor, Broker",,WestRock,Gwinnett,,-83.9957064,33.9628895
Elliot Hammer,,FALSE,2015,Processor,Offers pick up for industrial accounts only. Call for details. ,www.starmetalatlanta.com,,404-872-6381,404-876-7410,221,"8-4:30 M-F, 9-noon Sa",Yes,8,"Metals, ferrous metals, metal appliances, non-ferrous metals, aluminum cans, copper, brass",Metal,"Collector, Processor",,Star Iron & Metal Co.,Fulton,,-84.411153,33.783377
Myron Easley,TRUE,FALSE,2015,Processor,MRF,www.stephensmds.com,info@stephensmds.com,770-909-7990,770-909-8600,222,"7-5 M-F, 7-1 Sa",No,35-50,"C&D materials from construction and demolition sites: dirt/soil, rock, concrete, concrete block, cured asphalt pavement",C&D,"Collector, Processor",031-039D(C&D),Stephens Industries,Fulton,,-84.4108901,33.6095029
Hazel Mobley,,TRUE,2015,Processor,Pays for glass bottles separated by color; charges for 3-mix.,www.strategicmaterials.com,atlantaplant@strategicmaterials.com,404-761-1340,404-761-1340,223,8-4 M-F,Yes,50,"Glass, all glass containers, float and window scrap, IG units",Glass,"Collector, Processor",,"Strategic Materials, Inc.",Fulton,,-84.489213,33.620909
Larry Maletta,,FALSE,2015,Processor,Public drop-off for EPS. Does not accept food-service trays or egg cartons. Offers pick up of large loads within eight miles; see website for details.,www.styrocyclers.com,lm2@styrocyclers.com,678-594-0949,678-594-0941,224,"8-4 M-F, Saturday by appointment only",Yes,6,EPS,Plastic,"Collector, Broker",,Styrocyclers,Cobb,,-84.5274,33.971399
Matt Barnes,,FALSE,2015,Processor,Pallets are repaired and reused; unusable wood waste is ground into mulch. Pick up available in general area.,www.hoodpallet.com,mike@hoodpallet.com,,478-956-4039,225,8-5 M-F,Yes ,30,"Wood pallets, mulch",Wood,"Collector, Processor, End User",,"Taylor Pallet Supply, Inc.",Peach,,-83.7480582,32.6065787
Theo Furber,,FALSE,2015,Processor,Provides data destruction and hard drive shredding. Pick up available for large quantities. Call for details.,www.tbfcomputing.com,theo@tbfcomputing.com,770-578-3737,770-977-2925,226,9-5 M-F,Yes,25,"Appliances, amplifiers, barcode scanners, batteries, cables, cases, cameras, carom drives, cell phones, computers, copiers, crate monitors, digital cameras, DVD players, FAX machines, floppy drives, game systems, hard drives, keyboards, laptops, LCD monitors and TVs, memory, mice, network equipment, pads, plasma TVs, POS equipment, power supplies, printers, routers, scanners, servers, speakers, stereo equipment, switches, UPS, wireless equipment, video equipment, video game equipment",Electronics,"Collector, Processor, Broker",,"TBF Computing, Inc.",Cobb,,-84.5032907,33.9546718
Michael Attipa,,FALSE,2015,Processor,,www.telecycle.com,michael@telecycle.com,678-545-1846,404-768-2435,227,8-5 M-F,Yes,30-50,"Computer equpiment, televisions, ferrous metal, non-ferrous metal",Electronics,"Collector, Processor",,"TeleCycle, LLC",Clayton,,-84.456255,33.622609
Jim Adams,,FALSE,2015,Processor,Caters to industrial generators of recyclables; can spot trailers for large quantities. Commerical accounts only. Does not accept from the general public.,,adamsco@bellsouth.net,,770-271-9694,228,8:30-4:30 M-F,Yes,3,"Metals, ferrous metals, non-ferrous metals, steel cans, metal appliances, cardboard, paper, office paper, newspaper, magazines, mixed paper, phonebooks, lithographs, negative and x-ray film,  aluminum printing plates",Single-stream,Collector,,The Adams Company,Gwinnett,,-84.061486,34.067198
Stewart Levy,,FALSE,2015,Processor,"Full-service plastic, scrap, and textile recycler and broker, purchasing and processing post-industrial, post-consumer, and post-commerical waste streams. Grind, sort, separate, reprocess, bale, warehouse, and perform recycling audits. ",www.tkopolymers.com,info@tkopolymers.com,404-691-8585,404-691-8567,231,8-5 M-F,Yes,11,"Plastics, film, fibers, OCC, paper, e-scrap",Single-stream,"Collector, Processor, Broker",,TKO Polymers,Fulton,,-84.524911,33.769236
Nico Berlin,,TRUE,2015,Processor,Offers pick up for large volumes only.,www.jarrellstopdollarrecycling.net,jarrellstopdollarrecycling@gmail.com,912-232-8057,912-232-8882,232,"7-4:30 M-F, 8-11 Sa",Yes,35,"Metals, metal appliances, autos, non-ferrous metals, aluminum cans, brass, copper, batteries, computer boards",Metal,"Collector, Processor",,Top Dollar Recycling (formerly Savannah Recycling LLC),Chatham,,-81.145638,32.076244
Jason Hamilton,,TRUE,2015,Processor,Restrictions may apply to the acceptance of autos and appliances. Pick up available for large volumes only. Call for details.,www.tmrecycling.com,,229-242-4459,229-242-7832,233,8-5 M-F,Yes,,"Ferrous and non-ferrous metals: aluminum (aluminum cans, aluminum siding/gutters/downspouts, aluminum patio furniture , aluminum wheels, aluminum wire), auto batteries, brass (fixtures, lamps, decorative items), cable, fence and wire, copper (copper and brass plumbing pipes, valves, connections, tubing, wire), electric motors (ceiling fans, old drills and saws), insulated wire (Christmas lights, extension cords), radiators, screen doors and window frames, stainless steel (kitchen sinks), TV cable, appliances (stoves, refrigerators, washers, dryers, dishwashers, air conditioners), automobiles, cast iron patio furniture, cast iron outdoor railing, farm machinery, lawn mowers, sheet metal, steel (wheels)",Metal,"Collector, Processor, Broker",,"Trademark Metals & Recycling (formerly Rice Iron & Metal, Inc.)",Lowndes,,-83.3042,30.8178
Richard Tullis,,FALSE,2015,Processor,Restrictions may apply to acceptance of appliances and autos. Certification of Freon removal required. Call for details.,,tullismetalsinc@att.net,770-945-7826,770-945-7826,234,"8:30-5 M-F, 8:30-noon Sa",No,5,"Ferrous metals, metal appliances, autos, non-ferrous metals, aluminum cans",Metal,Collector,,Tullis Metals,Gwinnett,,-84.0078775,34.1013881
,TRUE,,2015,Processor,,,,,706-556-1007,235,,,,,Single-stream,,036-018P(MRF),"Tutt Contracting, Inc. ",Columbia,,-82.277622,33.429317
Jim McGeehan,,,2015,Processor,,www.utilityeserv.com,jm@utilityeserv.com,770-291-0427,770-674-1170,236,,,,Plastic #1-7,Plastic,"Collector, Broker",,"UES, LLC",DeKalb,,-84.331811,33.948467
,,FALSE,2015,Processor,Collects motor oil and used petroleum products.  Call for details.,,,478-329-1119,478-923-8003,237,8-5 M-F,Yes,1,Motor oil,Other,Collector,,Unique Environmental Services,Houston,,-83.593583,32.583916
Parker Pruett,,FALSE,2015,Processor,Handles primarily post-industrial scrap plastics and baled PET bottles ,www.unitedplasticrecycling.com,ppruett@bellsouth.net,404-351-5611,404-351-5033,238,8-5 M-F,No,1,"PET, PVC, HDPE, TPO-painted, BOPP, film plastic, LLDPE film, PP, HDPE-FM, PS",Plastic,Broker,,"United Plastic Recycling, Inc.",Fulton,,-84.411706,33.813936
,,FALSE,2015,Processor,Processes motor oil and other oil products into boiler fuel.,www.universalenvironmentalservices.com,,770-357-0202,770-486-8816,239,8-5 M-F,Yes,1,"Motor oil, anti-freeze, used oil filters",Other,Collector,,Universal Enviro Services,Decatur,,-84.593608,30.9070865
John Redman,,TRUE,2015,Processor,Processes motor oil and other oil products into boiler fuel.,www.universalenvironmentalservices.com,,770-357-0202,770-486-8816,240,8-5 M-F,Yes,75,"Motor oil, anti-freeze, used oil filters",Other,"Collector, Processor",,Universal Enviro Services,Fayette,,-84.575433,33.371803
,,FALSE,2015,Processor,Roll-off container service for metal pickups.,www.us1recycling.com,,478-252-7000,478-783-1633,242,8-5 M-F,Yes,,"Metals, ferrous metals, metal appliances, autos, non-ferrous metals",Metal,"Collector, Processor",,US 1 Recycling,Bibb,,-83.638588,32.692181
,,FALSE,2015,Processor,Roll-off container service for metal pickups.,www.us1recycling.com,,478-252-7000,478-252-1398,243,8-5 M-F,Yes,,"Metals, ferrous metals, metal appliances, autos, non-ferrous metals",Metal,"Collector, Processor",,US 1 Recycling,Jefferson,,-82.4008203,32.8917947
,,FALSE,2015,Processor,Roll-off container service for metal pickups.,www.us1recycling.com,,478-252-7000,478-923-3600,244,8-5 M-F,Yes,,"Metals, ferrous metals, metal appliances, autos, non-ferrous metals",Metal,"Collector, Processor",,US 1 Recycling,Houston,,-83.6097209,32.647276
,,FALSE,2015,Processor,Roll-off container service for metal pickups.,www.us1recycling.com,,478-252-7000,706-465-2033,245,8-5 M-F,Yes,,"Metals, ferrous metals, metal appliances, autos, non-ferrous metals",Metal,"Collector, Processor",,US 1 Recycling,Warren,,-82.6774173,33.3980219
Albert Williams,,FALSE,2015,Processor,Not a drop-off facility. All pick up services are fee-based. ,www.veoliaes.com,,404-363-9440,404-361-6181,246,8-5 M-F,Yes,15,"Paints, resins, solvents, alkaline batteries, all universal waste (acids/bases)",Other,"Collector, Processor, Broker",,Veolia Environmental Services Technical Solutions,Clayton,,-84.322331,33.608997
Chris Champion,,FALSE,2015,Processor,Pick up available for large loads only. Accepts only rechargeable lead-acid batteries. ,www.voltex.com,c_champion@bellsouth.net,770-246-0565,770-448-6021,247,9-5 M-F,Yes,16,Lead-acid batteries,Other,"Collector, Processor",,Voltex Batteries,Gwinnett,,-84.1888976,33.9574189
,TRUE,,2015,Processor,,,,,,248,,,,,Single-stream,,060-091P(MRF),Waste Management Gateway MRF,Fulton,,-84.5954,33.70884
,,TRUE,2015,Processor,,,todd@waycrossrecycling.com,912-285-2268,912-285-2267,249,7:30-4 M-F,Yes,,"Metals, ferrous metals, metal appliances, autos, non-ferrous metals, aluminum cans",Metal,Collector,,Waycross Recyclers,Ware,,-82.372537,31.2217372
Wally Hall,TRUE,,2015,Processor,,,,,,250,,,,,Single-stream,,060-090P(RM),Welcome All Transfer Station MRF,Fulton,,-84.5263,33.77925
,,FALSE,2015,Processor,Charity car donation program. Donation is 100% tax deductible and there are no towing or pick-up fees.,www.georgia.wheelsforwishes.org,,770-916-0222,855-871-9474,251,9-5 M-F,Yes,,"Cars, boats, and RVs",Other,Collector,,Wheels for Wishes,Cobb,,-84.479944,33.910223
Rashi Hafiz,,FALSE,2015,Processor,Recycles scrap metals generated from manufacturing processes or obsolete inventories. Accepts scrap material from the general public.,www.widenationrecycling.com,,770-935-0160,770-935-9433,253,8-5 M-F,Yes,8,"Ferrous and non-ferrous metal - aluminum, copper, stainless steel, brass, cables, scrap iron, re-bar and machinery",Metal,"Collector, Processor, Broker",,"Widenation Recycling, LLC",Gwinnett,,-84.1117625,33.8879299
,TRUE,,2015,Processor,,,,,,254,,,,,Single-stream,Processor,060-089D(C&D),Willow Oak C&D Landfill,Fulton,,-84.62850556,33.53929722
,,TRUE,2015,Processor,Drop-off location only.,www.worldrecycling.net,,770-532-8565,770-532-8050,255,"8:30-4:30 M-F, 8-1 Sa",No,5,Ferrous and non-ferrous metals,Metal,"Collector, Processor",,"World Recycling, Inc.",Hall,,-83.784492,34.276024