the_geom,contact_name,reporting_year,notes,manager_phone,manager_name,contact_phone,cartodb_id,waste_type,sector,permit_number,facility_name,county,longitude,latitude
0101000020E61000001D554D1075FF54C02942EA76F6394140,,2015,,-,,-,2,,Public,PBR-093-05TS,400 North Landfill Waste Transfer Station,Lumpkin,-83.99152,34.452834
0101000020E6100000B4386398131055C0DB4C857824144140,,2015,,770-619-9658,,-,154,,Private,PBR-058-011TS,Mauldin Drive Transfer Station,Forsyth,-84.251196,34.157363
0101000020E6100000C1ADBB79AAE754C001F6D1A92B034140,Tommy Ledbetter,2015,,770-307-2796,Stacey Stern,770-307-2796,1,,Private,PBR-007-13TS,211 Waste Disposal Transfer Station,Barrow,-83.61978,34.02477
0101000020E61000009A43520B250355C013807F4A952E4140,,2015,,701-216-1485,,-,3,MSW and C&D,Public,PBR-042-12TS,400 Waste & Scrap Transfer Station,Dawson,-84.049136,34.363931
0101000020E61000009F8EC70C542C55C0ED77280AF4094140,"Titan Enterprises, LLC",2015,,678-762-1088,Kyle Tripp,678-762-1088,4,,Private,PBR-033-82TS,"I Haul, Inc. - Acworth Transfer Station",Cobb,-84.69263,34.07776
0101000020E6100000FDBB3E73D61055C0614A24D1CB724140,Advanced Disposal Services,2015,,904-737-7900,Charles C. Appleby,904-737-7900,5,,Private Commercial,PBR-055-15TS,Advanced Disposal Services Transfer Station,Fannin,-84.263089,34.896845
0101000020E610000044FB58C16FD054C0793D98141FC54040,Advanced Disposal Services,2015,,904-737-7900,"Walter H. Hall, Jr.",904-737-7900,6,,Public,PBR-066-011TS,Advanced Disposal Services Transfer Station,Greene,-83.256821,33.540011
0101000020E610000031CEDF84422555C0415DA45016F44040,,2015,,-,,-,7,,Private,PBR-033-118TS,Advanced Disposal Services Transfer Station,Cobb,-84.582185,33.906931
0101000020E610000038F8C264AA8F54C06C239EEC66C24040,Advanced Disposal Services,2015,,706-790-7920,,904-737-7900,8,,Private,"PBR-036-19C0,TS",Advanced Disposal Services Transfer Station,Columbia,-82.244775,33.518766
0101000020E610000072A25D85941155C0452FA3586EF54040,Charley (Rip) Thomson,2015,,770-441-3037,Charley (Rip) Thomson,770-441-3037,9,,Private,PBR-044-146TS,Advanced Disposal Services Transfer Station,DeKalb,-84.27469,33.91743
0101000020E6100000CBA145B6F31F55C0921804560E554140,Charles Appleby,2015,,-,Charles Appleby,904-737-7900,10,,Private,PBR-061-03TS,Advanced Disposal Services Transfer Station,Gilmer,-84.49925,34.6645
0101000020E61000005D50DF32A7F554C0FC1D8A027D224140,Advanced Disposal Services,2015,,904-737-7900,Charles C. Appleby,904-737-7900,11,,Private Commercial,PBR-069-49TS,Advanced Disposal Services Transfer Station,Hall,-83.83833,34.26944
0101000020E61000008D7A8846770655C074EACA6779DE4040,Advanced Disposal Services,2015,,904-737-7900,"Walter H. Hall, Jr.",678-341-7140,12,,Private,PBR-044-144TS,Advanced Disposal Services Transfer Station,DeKalb,-84.10103,33.73808
0101000020E610000053978C6324DF54C0D714C8EC2CC84040,,2015,,-,,-,13,,Private,PBR-104-08TS,Advanced Disposal Services Transfer Station,Morgan,-83.486596,33.563871
0101000020E6100000C05B2041F11355C0C7293A92CB074140,Mark Allen,2015,,770-867-2499,Mark Allen,770-867-2499,14,,Private,PBR-060-118TS-A,Advanced Disposal Services Transfer Station,Fulton,-84.3116,34.0609
0101000020E61000002F88484DBB1F55C0091A33897AEB4040,,2015,,-,,-,15,,Private Commercial,PBR-033-109TS,Advanced Disposal Services Transfer Station,Cobb,-84.495807,33.839677
0101000020E6100000842A357BA02155C0BC96900F7ACE4040,Ric Jarvis,2015,,770-972-2715,Ric Jarvis,770-972-2715,16,,Private,PBR-060-216TS,Advanced Disposal Services Transfer Station,Fulton,-84.52542,33.6131
0101000020E61000005ABBED4273CA54C0A376BF0AF0174040,,2015,,-,,-,98,,Public,PBR-045-04TS,Dodge County Transfer Station,Dodge,-83.163285,32.187013
0101000020E6100000508C2C9963D954C0B56FEEAF1EAB4040,"Charlie Gray, RVP; Mell Sammons",2015,,-,,904-737-7900,17,MSW,Private Commercial,PBR-117-09TS,Advanced Disposal Services Transfer Station,Putnam,-83.396704,33.336874
0101000020E6100000DA722EC555CD54C02C0E677E358F4040,Advanced Disposal Services,2015,,478-453-4435,Christain B. Mills,904-737-7900,18,,Private,PBR-005-12TS,Advanced Disposal Services Transfer Station,Baldwin,-83.20836,33.11882
0101000020E6100000191C25AFCED154C0658D7A88468B4040,Advanced Disposal Services,2015,,904-737-7900,"Walter H. Hall, Jr.",904-737-7900,19,,Private,PBR-005-26TS,Advanced Disposal Services Transfer Station,Baldwin,-83.27824,33.08809
0101000020E61000009F5A7D75553655C06150A6D1E4124140,Advanced Disposal Services,2015,,678-792-7000,"Walter H. Hall, Jr.",904-737-7900,20,,Private,"PBR-008-24COL,TS",Advanced Disposal Services Transfer Station,Bartow,-84.848966,34.147608
0101000020E6100000412B306475FB54C04D2D5BEB8BA44040,Advanced Disposal Services,2015,,770-775-1001,,-,21,,Private,PBR-018-08TS,Advanced Disposal Services Transfer Station,Butts,-83.92904,33.28552
0101000020E610000052B81E85EBFD54C02BDEC83CF2FB4040,Advanced Disposal Services,2015,,770-737-7900,"Walter H. Hall, Jr.",904-737-7900,22,,Private Commercial,PBR-067-787TS,Advanced Disposal Services Transfer Station,Gwinnett,-83.9675,33.96833
0101000020E6100000BA826DC4931155C0317903CC7CF54040,,2015,,-,,-,23,,Private Commercial,PBR-067-781TS,Advanced Disposal Services Transfer Station,Gwinnett,-84.274644,33.917871
0101000020E6100000E9482EFF213F55C076374F75C83D4040,Advanced Disposal Services,2015,,904-737-7900,Charles N. Gray,904-737-7900,24,"MSW, C&D, Industrial",Private Commercial,PBR-106-14TS,Advanced Disposal Services Transfer Station,Muscogee,-84.98645,32.48268
0101000020E61000000373F4F8BDB554C075B0FECF616A4040,Advanced Disposal Services,2015,,904-737-7900,"Walter H. Hall, Jr.",904-737-7900,25,,Private Commercial,PBR-150-06TS,Advanced Disposal Services Transfer Station,Washington,-82.83972,32.83111
0101000020E610000057EA5910CAF054C054707841444C4140,"Harry Barton, Jr.",2015,,-,,706-865-6768,26,,Private,PBR-154-03TS,Advanced Disposal Services Transfer Station,White,-83.762333,34.595833
0101000020E61000004CE141B3EB0155C06A459BE3DC0A4140,,2015,,888-454-1857,,,27,Biomedical,Private,PBR-067-806TS,Advantra Waste Solutions Transfer Station,Gwinnett,-84.030011,34.084866
0101000020E610000033880FECF80855C043E73576891A4140,"Aftermath Services, LLC",2015,Biomedical waste.,630-551-0735,Patricia Heinle,630-551-0735,28,,Private Commercial,PBR-058-341TS,Aftermath Services Transfer Station,Forsyth,-84.140193,34.20732
0101000020E6100000B2F677B6470655C0D47E6B274A8A3F40,Advanced Disposal Services,2015,,904-737-7900,Charles N. Gray,904-737-7900,29,,Private Commercial,PBR-047-32TS,Albany Transfer Station ,Dougherty,-84.098127,31.540194
0101000020E6100000DFA7AAD040EF54C036FA980F08784140,Trudy Allen,2015,,-,Bill Allen,706-781-4725,30,,Private,PBR-139-06TS,Allen Disposal Transfer Station,Towns,-83.738331,34.937746
0101000020E6100000700A2B1554D854C0995B21ACC6FA3E40,Allgreen Services,2015,,-,William Sullivan,478-763-4178,31,,Private,PBR-092-43TS,Allgreen Services Transfer Station,Lowndes,-83.380132,30.979594
0101000020E6100000C993A46B267854C0B21188D7F5294040,William Sullivan,2015,,-,William Sullivan,478-763-4178,32,,Private Commercial,PBR-016-025COL;TS,"Allgreen Services, LLC Transfer Station",Bulloch,-81.877345,32.327815
0101000020E610000008C03FA54A1355C00516C09481074140,"SRS Holding, LLC",2015,,770-447-1154,Michael R. Ayers,770-447-1154,33,,Private Commercial,PBR-060-238TS,Alpharetta Transfer Station,Fulton,-84.301431,34.058642
0101000020E6100000F9BD4D7FF6CF54C0E370E65773EC4040,"Jonathan W. Fox, Jr.",2015,,888-446-4722,"Jonathan W. Fox, Jr.",-,34,,Private,PBR-109-10TS,American Stadium Services Transfer Station,Oglethorpe,-83.24942,33.84727
0101000020E61000006FF085C9540D55C0D712F241CF064040,Cliff Sizemore,2015,,229-314-2751,Darrie Art,229-924-3004,35,,Private Commercial,PBR-129-20TS,"Ameri-Green Environmental Recycling, LLC Transfer Station",Sumter,-84.2083,32.0532
0101000020E61000001442075DC21655C033DC80CF0F734140,Rudy Roach,2015,,706-896-1575,Rudy Roach,706-896-1575,36,,Private,PBR-055-12TS,"Appalachian Waste Systems, LLC Transfer Station",Fannin,-84.355613,34.89892
0101000020E610000062A1D634EF1555C0971FB8CA13064140,Jim Price,2015,Unable to verify operational status.,770-642-1195,Dennis Sturgill,770-642-1195,37,,Private,PBR-060-204TS,Apps of GA Transfer Station,Fulton,-84.342725,34.047479
0101000020E6100000F8E0B54B1B2455C0C26B97361CF64040,Dennis Whitlow,2015,,404-419-9904,Dennis Whitlow,404-419-9904,38,,Private,PBR-033-56TS,Arbor Environmental Services Transfer Station,Cobb,-84.564166,33.922736
0101000020E6100000228B34F10E1555C0344B02D4D4D44040,Charles Thomson,2015,,770-441-3037,,843-991-2066,39,,Private,PBR-044-161TS,Arrow Transfer Station,DeKalb,-84.329037,33.662745
0101000020E6100000C4CC3E8F51D654C007B309302CFD4040,Lewis Cooper,2015,,-,,770-725-7400,40,,Private Commercial,PBR-029-45TS,Athens Hull Road Transfer Station,Clarke,-83.348728,33.977911
0101000020E6100000CBEEC9C342D954C0925CFE43FAFD4040,"Republic Services of Georgia, LP",2015,,770-944-4963,Mark Allen,770-944-4963,41,,Private Commercial,PBR-029-46-A-TS,Athens Paradise Boulevard Transfer Station ,Clarke,-83.3947,33.9842
0101000020E610000085EB51B81ED954C069006F8104FD4040,"Republic Services of Georgia, LP",2015,,770-944-4963,Timothy Laraway,770-944-4963,42,,Private Commercial,PBR-029-46TS,Athens Transfer Station,Clarke,-83.3925,33.9767
0101000020E6100000B0C91AF5104954C04963B48EAA124040,"Atlantic Wood Industries, Inc.",2015,,912-964-1234,Ross Worsham,912-964-1234,43,,Private,PBR-025-46TS,Atlantic Wood Waste Transfer Facility,Chatham,-81.14166,32.14583
0101000020E61000008C4AEA0434CD54C0736891ED7C8F4040,"Attaway Recycling, LLC",2015,,478-414-1675,Robbie Attaway,478-414-1675,44,MSW and C&D,Private Commercial,PBR-005-28TS,Attaway Transfer Station,Baldwin,-83.2063,33.121
0101000020E61000001EF30181CE4055C0A8143B1A87FC4040,Scott Rakestraw,2015,,678-873-3111,Scott Rakestraw,770-684-9881,45,,Private,PBR-115-11TS,Avery Environmental Services/Randall Wood Services Transfer Station,Polk,-85.012604,33.972873
0101000020E6100000EF85C954C14455C01F80D4264E064140,Scott Rakestraw,2015,,678-873-3111,Scott Rakestraw,770-684-9881,46,,Private Commercial,PBR-115-09TS,Avery Environmental Services/Randall Wood Services/Recycle Worldwide Service Transfer Station,Polk,-85.0743,34.04926
0101000020E6100000A662635E473755C0473EAF78EAF54040,,2015,Unable to verify operational status.,-,,-,47,,Private,PBR-110-23TS,B&L Disposal Transfer Station,Paulding,-84.863731,33.921218
0101000020E6100000DBFAE93F6BC954C02123A0C2118C4040,Baldwin County Board of Commissioners,2015,,-,,478-445-4791,48,,Public,PBR-005-14TS,Baldwin County Board of Commissioners Transfer Station #2,Baldwin,-83.147171,33.094292
0101000020E61000009C6A2DCC422655C03C4ED1915CE84040,"Siskey Hauling Co., Inc.",2015,,,Matthew Roper,404-696-6316,49,,Private Commercial,PBR-033-104TS,Bankhead C&D Transfer Station,Cobb,-84.597827,33.815325
0101000020E6100000B471C45A7CF354C0C5CA68E4F3204140,,2015,Unable to verify operational status.,-,,-,50,,Private,PBR-069-04TS,"BDR, Inc. Transfer Station",Hall,-83.804465,34.257443
0101000020E610000055A4C2D8427254C06D1CB1169F3E4040,City of Statesboro,2015,,912-764-5279,,912-764-5468,51,,Public,PBR-016-06TS,Belcher Branch-Lakeview Transfer Station,Bulloch,-81.78533,32.48923
0101000020E61000005F29CB10C71A55C02BB81FF0C0D84040,"Ezell Developments, LLC",2015,,-,Marshall Ezell,404-817-0517,52,,Private Commercial,PBR-060-239TS,"Big E Environmental / Oakdale Environmental, Inc. Transfer Station",Fulton,-84.4184,33.693388
0101000020E6100000ACBF2500FF1955C0986DA7AD11DF4040,,2015,Unable to verify operational status.,-,,-,53,,Private,PBR-060-101TS,"Biocor, Inc. Transfer Station",Fulton,-84.406189,33.742727
0101000020E6100000C1DB831090B954C050FEEE1D357A3F40,Thomas C. Griffin,2015,,912-260-5707,Thomas C. Griffin,912-260-5707,54,Biomedical,Private Commercial,PBR-024-08TS,Bio-Hazard Service Transfer Station,Coffee,-82.899418,31.477373
0101000020E61000006F66F4A3E11955C0EF2076A6D0CF4040,Gene Daniel,2015,Unable to verify operational status.,615-255-7361,Gene Daniel,615-255-7361,55,,Private,PBR-031-32TS,"Biomed Southeast, Inc. Transfer Station",Clayton,-84.404397,33.623555
0101000020E61000009EEFA7C64B3355C0EC51B81E85EB4040,Deven Rush,2015,,770-630-9506,Deven Rush,770-630-9506,56,Biomedical,Private Commercial,PBR-110-34COL,"Biopros, Inc. Transfer Station",Paulding,-84.8015,33.84
0101000020E6100000691EC022BF0955C0EAC891CEC0983F40,,2015,,229-733-8884,,,57,Biomedical,Private Commercial,PBR-047-35COL,"Biostat Medical Waste Service, LLC Transfer Station",Dougherty,-84.152291,31.596692
0101000020E61000004E25034015F454C0286211C30E254140,Ryan Sawyer,2015,,866-435-7704,Ryan Sawyer,866-435-7704,58,Biomedical,Private Commercial,PBR-069-50TS,Biotrama Transfer Station,Hall,-83.813797,34.289513
0101000020E61000002028B7ED7BF854C0936FB6B931CF4040,Terry Barnett,2015,,-,Terry Barnett,770-570-9831,59,Biomedical,Private Commercial,PBR-107-21TS,"Biotran, Inc. Transfer Station",Newton,-83.882564,33.618705
0101000020E61000006E2F698CD60E55C0FDD98F1491F74040,,2015,,-,,-,60,,Private,PBR-067-168TS,BJ Sanitary Landfill & Recycling Center Transfer Station,Gwinnett,-84.231845,33.934115
0101000020E610000048E17A14AED354C06002B7EEE6354040,Michael A. Polsky,2015,,-,,478-934-3200,61,,Public,PBR-012-04TS,Bleckley County Solid Waste Transfer Station,Bleckley,-83.3075,32.42111
0101000020E6100000423EE8D9AC2755C0DAAA24B20F6E4040,Mel Buffington,2015,,-,Mel Buffington,706-249-1916,62,C&D,Private,PBR-099-011TS,Bo's Rolloffs Transfer Station,Meriwether,-84.619925,32.859854
0101000020E6100000E542E55FCB8754C0A19FA9D72DC64040,Browning Ferris Industries,2015,Unable to verify operational status.,706-860-7010,Jay Katz,706-860-7010,63,,Private,PBR-036-11TS,"Browning Ferris Industries of South Atlantic, Inc. Transfer Station",Columbia,-82.121788,33.548274
0101000020E6100000EFE6A90EB97D54C0E6577380608A4040,Burke County Board of Commissioners,2015,,706-554-3124,Jesse Burke,706-554-2324,64,,Public,PBR-017-05TS,Burke County Transfer Station,Burke,-81.96442,33.08107
0101000020E6100000A6052FFA0A7E54C08ECA4DD4D2AC4040,,2015,,-,,-,237,,Private,PBR-121-137TS,Waste Management of Augusta Transfer Station,Richmond,-81.96942,33.350184
0101000020E61000009E060C923E4355C0E6B16664907D4040,Dan McAdams,2015,,-,Dan McAdams,706-885-9977,65,,Private,PBR141-11TS,C&C Sanitation Transfer Station,Troup,-85.050694,32.980969
0101000020E61000002F36AD14026054C04C8DD0CFD42F3F40,Jack C. Calloway,2015,,912-577-6050,Jack C. Callaway,912-577-6050,66,Biomedical,Private Commercial,PBR-063-37TS,Callaway-130 Biomedical Waste Transfer Station,Glynn,-81.500127,31.186841
0101000020E6100000AB8E1CE90CF354C0A04FE449D21F4140,,2015,Unable to verify operational status.,-,,-,67,,Private,PBR-069-39TS,Candler Road Landfill Transfer Station,Hall,-83.797663,34.248605
0101000020E6100000A8C64B37894955C01FF46C567DC64040,,2015,,-,,-,68,,Public,PBR-022-01TS,Carroll County Solid Waste Management Authority Transfer Station,Carroll,-85.149,33.5507
0101000020E6100000BBD573D2FBCE54C0DC4B1AA375484140,John L. Carter,2015,,-,,770-779-5211,69,,Private,PBR-127-18TS,Carter's Transfer Station,Stephens,-83.23412,34.56609
0101000020E610000039D21918793F55C073486AA164584140,Mark Logan,2015,,678-797-1283,Mark Logan,678-797-1283,70,,Private Commercial,"PBR-033-117COL,TS","CAT Recovery Services, Inc. Transfer Station ",Cobb,-84.991766,34.690571
0101000020E610000074C93846B24A55C081ED60C43E714140,"Santek Enviromental of Georgia, Inc.",2015,,706-937-4564,Paul Long,423-476-9160,71,,Public,PBR-023-14TS,Catoosa County Transfer Station,Catoosa,-85.167131,34.884728
0101000020E6100000191C25AFCED154C0658D7A88468B4040,Raymond L. Martin,2015,,770-607-8617,Raymond L. Martin,770-607-8647,72,,Private Commercial,PBR-008-26TS,"CFM Environmental Services, Inc. Transfer Station",Bartow,-83.27824,33.08809
0101000020E61000005C8AABCABE1555C0B0AF75A911D84040,Raymond L. Martin,2015,Unable to verify operational status.,770-987-2154,Raymond L. Martin,770-622-1290,73,,Private,PBR-044-150TS,"CFM Environmental Services, Inc. Transfer Station",DeKalb,-84.33977,33.688039
0101000020E610000070CD1DFD2F0455C0D07F0F5EBBD84040,,2015,Unable to verify operational status.,-,,-,74,,Private,PBR-122-16TS,"CFM Environmental Services, Inc. Transfer Station",Rockdale,-84.065429,33.693218
0101000020E610000015C440D7BE1F55C053C37E4FACE94040,Greg Rosser,2015,,404-799-8304,,404-438-7770,75,,Private,PBR-033-61TS,"Chambers of Georgia, Inc. Transfer Station",Cobb,-84.496023,33.825571
0101000020E6100000D925AAB7066054C093D920938C343F40,,2015,,912-267-1345,Gary Williams,-,76,,Private,PBR-063-17TS,Chapman Waste Disposal Transfer Station,Glynn,-81.50041,31.20527
0101000020E6100000A1A17F828B5555C08907944DB93E4140,,2015,,-,,-,77,,Public,PBR-027-04TS,Chattooga County Transfer Station,Chattooga,-85.33664,34.49003
0101000020E6100000F25CDF87833B55C02CB29DEFA7663F40,,2015,,-,,-,78,,Public,PBR-049-04TS,City of Blakely Transfer Station,Early,-84.929903,31.401
0101000020E6100000D481ACA756F954C01E87C1FC15464040,Larry Brown,2015,,-,,478-825-2615,79,,Public,PBR-111-012COL;TS,City of Fort Valley Public Works Transfer Station,Peach,-83.895914,32.547546
0101000020E610000004C93B8732EC54C0BA1457957DE74040,City of Monroe,2015,,770-267-6933,Danny P. Smith,770-267-6933,80,,Public,PBR-147-39TS,City of Monroe Transfer Station,Walton,-83.690584,33.80852
0101000020E6100000494BE5ED089F54C03B53E8BCC6BA4040,,2015,,404-595-1781,,-,81,,Public,PBR-097-04TS,City of Thomson Transfer Station,McDuffie,-82.48492,33.45919
0101000020E6100000CBBF9657AED354C04ACFF41263454140,,2015,,-,,-,82,,Public,PBR-127-03TS,City of Toccoa Transfer Station,Stephens,-83.307516,34.542086
0101000020E61000000227DBC01D1055C0E15F048D99EA4040,H. Lee Creecy,2015,,404-932-8770,Lee Creecy,404-932-8770,83,,Private,PBR-044-145TS,Clean Tech Transfer Station,DeKalb,-84.251816,33.832811
0101000020E61000002AC6F99B50B954C0006E162F16923F40,"Waste Industries, LLC",2015,,912-384-6001,J. Corey Henderson,919-325-3000,84,,Private Commercial,"PBR-034-05TS,COL",Coffee County Transfer Station,Coffee,-82.895545,31.570651
0101000020E61000008048BF7D1DF654C00FD1E80E62173F40,Colquitt County Board of Commissioners,2015,,229-616-7475,Clint Perry,229-616-7400,85,,Public,PBR-035-17TS,Colquitt County Board of Commissioners Transfer Station,Colquitt,-83.84555,31.09134
0101000020E6100000F5402B30642755C0A7CEA3E2FF024140,,2015,,770-425-3411,Mark Warren,-,86,,Private,PBR-033-14TS,"Consolidated Environmental Services, Inc. Transfer Station",Cobb,-84.61549,34.023434
0101000020E610000061DD7877640455C0B3EBDE8AC4D84040,Pete Leonetti,2015,,770-922-6031,Pete Leonetti,770-922-6031,87,,Private Commercial,"PBR-122-29COL,TS",Covington Highway Transfer Station,Rockdale,-84.068632,33.693498
0101000020E61000008D4127840EF854C0546EA296E6CC4040,,2015,Unable to verify operational status.,-,,-,88,,Private,PBR-107-13TS,Covington Mills Transfer Station,Newton,-83.875886,33.600787
0101000020E6100000ED2AA4FCA43655C06C787AA52CAF4040,Coweta County Environmental Management,2015,,770-252-3748,,770-254-3785,89,,Public,PBR-038-02TS,Coweta County Transfer Station,Coweta,-84.85382,33.36855
0101000020E61000004BE5ED08A71E55C0EE60C43E01B84040,,2015,,-,,-,90,,Private,PBR-056-298TS,"Crews Environmental, Inc. Transfer Station",Fayette,-84.478945,33.437538
0101000020E6100000FC1873D7128254C0705F07CE19A14040,George R. Barnes,2015,Biomedical waste.,706-751-4428,Yvone B. Barnes,706-751-4428,91,Biomedical,Private Commercial,PBR-121-160TS,CSRA Bio-Care Transfer Station,Richmond,-82.0324,33.2586
0101000020E610000005B8205B96EF54C0F6B0170AD82E3F40,"Randy Joe Cox, Sr.",2015,,229-985-1041,"Randy Joe Cox, Jr.",229-985-1041,92,C&D,Private Commercial,PBR-035-27TS,"CTV Recycling, Inc. Transfer Station",Colquitt,-83.743552,31.182984
0101000020E6100000EA094B3CA02055C02CBB6070CD0F4140,,2015,,410-354-3228,,,93,Biomedical,Private,PBR-028-141TS,Curtis Bay Medical Waste Services Transfer Station,Cherokee,-84.50978,34.123457
0101000020E6100000CE531D72336055C09CBF098508704140,Dade County,2015,,-,,706-657-4625,94,,Public,PBR-041-04TS,Dade County Transfer Station,Dade,-85.50314,34.87526
0101000020E610000026A94C31072755C09D6516A1D8004140,,2015,,312-285-9087,,,95,Biomedical,Private,PBR-033-134TS,Daniels Sharpsmart Transfer Station,Cobb,-84.609814,34.006611
0101000020E6100000F8A57EDE540D55C0C5758C2B2EFA4040,,2015,,800-277-4787,,,96,Biomedical,Private,PBR-067-808TS,Disaster One Transfer Station,Gwinnett,-84.208305,33.954534
0101000020E61000008D9C853DED2155C014252191B6FD4040,Robin D. Ray,2015,,404-419-9170,,404-419-9170,97,,Private,PBR-033-24TS,"Dixie Waste Services, Inc. Transfer Station",Cobb,-84.530105,33.982134
0101000020E61000004487C091402555C00F7C0C569CF44040,,2015,,770-920-3133,,-,99,,Public,PBR-048-30TS,Douglas County Transfer Station,Douglas,-84.582066,33.911021
0101000020E6100000CE001764CBF754C06877483140E04040,"Earthwise Industries, Inc.",2015,,770-466-1167,John Fullard,770-979-7555,100,Biomedical,Private Commercial,PBR-147-49TS,"Earthwise Industries, Inc. Transfer Station",Walton,-83.871789,33.751959
0101000020E61000008F6D1970964454C0CDE67118CC094040,"Frank Peeples, Jr.",2015,,-,,912-236-1531,101,,Private,PBR-025-41TS,East Coast Terminal Company Transfer Station,Chatham,-81.071682,32.076541
0101000020E6100000C898BB96901B55C0E86A2BF697D54040,"BFI Transfer Systems of Georgia, LLC",2015,,404-792-2660,Jeff Clem,770-514-2910,102,,Public,PBR-060-122TS,East Point Transfer Station,Fulton,-84.4307,33.6687
0101000020E6100000C7D63384639554C0946DE00ED4414040,,2015,,-,,-,103,,Public,PBR-053-07TS,Emanuel County Transfer Station,Emanuel,-82.334199,32.514284
0101000020E61000001BCEFC6A0E2755C0AC58FCA6B0B84040,,2015,Unable to verify operational status.,-,,-,104,,Private,PBR-056-295TS,EPI Transfer Station,Fayette,-84.610255,33.442891
0101000020E6100000D2E28C614E2455C085915ED4EEDD4040,"EQ Holding Company, Inc.",2015,,404-494-3520,John Teague,734-329-8000,105,,Private,PBR-060-221TS,EQ Industrial Services Transfer Station,Fulton,-84.567284,33.733851
0101000020E6100000B3CEF8BEB82355C0ABB4C5353EDF4040,"EQ Holding Company, Inc.",2015,,404-472-0410,Lee Starnes,734-329-8000,106,,Private,PBR-060-202TS,Equis Atlanta T&P Transfer Station,Fulton,-84.558151,33.744086
0101000020E610000026DA5548F97A54C055F833BC59114040,Evans County Board of Commissioners,2015,,912-739-7122,Forrest Conder,912-739-1141,107,"MSW, C&D, Industrial",Private,PBR-054-11TS,Evans County Transfer Station,Evans,-81.921465,32.135551
0101000020E610000051888043A80355C06325E659492D4140,Jeff Evans,2015,,706-216-4232,Jeff Evans,706-216-4232,108,,Private Commercial,PBR-042-11TS,"Evans Garbage Service, Inc. Transfer Station",Dawson,-84.057145,34.353801
0101000020E61000002C4833164D2655C0730F09DFFBE34040,John Teague,2015,,-,,770-739-5600,109,Biomedical and industrial,Private Commercial,PBR-033-102COL;TS,"Evergreen Waste, LLC Collection and Transfer Station",Cobb,-84.598455,33.781124
0101000020E6100000751E15FF772055C05C548B8862DE4040,"DNT Environmental Services, Inc.",2015,MSW and industrial waste.,770-739-5600,John Teague,770-739-5600,110,,Private Commercial,"PBR-060-252TS,COL","Evergreen Waste, LLC Collection and Transfer Station",Fulton,-84.507324,33.737382
0101000020E61000002F19C748F62555C03481221631C64040,Lukas Johnson,2015,,-,Lukas Johnson,770-774-7014,111,,Private Commercial,PBR-060-250TS,Waste Industries Transfer Station ,Fulton,-84.593157,33.548373
0101000020E610000060764F1E160F55C04626E0D748F44040,,2015,,706-502-5252,,,112,Biomedical,Private Commercial,PBR-067-805TS,Firestar Biomedical Transfer Station,Gwinnett,-84.235725,33.908473
0101000020E6100000B4024356B74155C03E096CCEC16D4140,,2015,,706-502-5252,,,113,Biomedical,Private Commercial,PBR-155-38TS,Firestar Biomedical Transfer Station,Whitfield,-85.026815,34.857477
0101000020E61000007407B13385CC54C0E5B8533A58BF3F40,Fitzgerald-Ben Hill Landfill,2015,,229-426-5075,Neal Poole,229-426-5075,114,,Public,PBR-009-10TS,Fitzgerald-Ben Hill County Regional SWMA Transfer Station,Ben Hill,-83.19563,31.74744
0101000020E6100000E1270EA0DF0855C0317C444C891A4140,,2015,Unable to verify operational status.,-,,-,115,,Public,PBR-058-167TS,Forsyth County Board of Commissioners Transfer Station,Forsyth,-84.138649,34.207315
0101000020E6100000B1FB8EE1B10A55C0828C800A47024140,Full Service Restoration & Construction Services,2015,,770-232-9797,Orlando Ojeda,770-560-7642,116,Biomedical,Private Commercial,PBR-067-803TS,Full Circle Restoration & Construction Services Waste Industries Transfer Station,Gwinnett,-84.167107,34.017793
0101000020E61000009225732CEFED54C000A8E2C62D104140,Lemuel F. Hayes,2015,,706-6582679,Lemuel F. Hayes,706-6582679,117,MSW,Private,PBR-078-019TS,Garbage Hound Sanitation Transfer Station,Jackson,-83.717723,34.126397
0101000020E61000004698A25C1A2655C031242713B7DA4040,"SRS, Inc.",2015,,770-754-5000,Michael Ayers,770-754-5000,118,,Private,PBR-060-207TS,Gateway Transfer Station,Fulton,-84.595359,33.708712
0101000020E6100000F0A7C64B372155C0917EFB3A70064140,Todd Reese/Gordy Powell,2015,,404-606-0134,Todd Reese,404-456-3665,119,Biomedical,Private,PBR-033-119TS,Georgia Clean & Associates Transfer Station,Cobb,-84.519,34.0503
0101000020E6100000F5DBD78173A154C02E3718EAB0BA4040,,2015,,706-597-0329,,-,120,,Private,PBR-097-06TS,"Georgia Disposal and Recycling, Inc. Transfer Station",McDuffie,-82.522675,33.458524
0101000020E61000006F0D6C95604754C0E3FC4D28440C4040,Savannah Steel Terminal - Georgia Recyclers,2015,,912-232-8332,John Black,912-232-8332,121,,Private Commercial,PBR-025-48TTemporaryTS,Georgia Recycling Transfer Station,Chatham,-81.11527,32.09583
0101000020E6100000F2FFAA2347FF54C01343723271394140,,2015,,706-973-7162,,,122,Biomedical,Private,PBR-093-015TS,Go Green Medical Waste Solutions Transfer Station,Lumpkin,-83.988717,34.448767
0101000020E6100000CFD8976C3CB354C09B36E33444BF4040,,2015,Unable to verify operational status.,-,,-,123,,Private,PBR-149-06TS,Greenwood Church Road Transfer Station,Warren,-82.800563,33.494269
0101000020E6100000FB743C66A01255C067F2CD36379C4040,,2015,,-,,-,124,,Public,PBR-126-07TS,Griffin Transfer Station,Spalding,-84.29104,33.220435
0101000020E61000000C1F1153220955C0AFE600C11C253F40,Kevin Griffin,2015,,-,,229-794-2954,125,,Private,PBR-101-12TS,"Griffin Waste Service, LLC Transfer Station",Mitchell,-84.14272,31.14497
0101000020E6100000FC010F0C200655C095D39E92738A3F40,Allied Waste Industries,2015,,912-432-0760,Kerry Nelson,-,126,,Private,PBR-047-24TS,Hall-Ing Refuse Company Transfer Station,Dougherty,-84.095706,31.540826
0101000020E6100000F17EDC7EF93E55C073637AC212654140,,2015,,-,,-,127,,Private Commercial,"PBR-155-30COL,TS",Hamilton Medical Center Transfer Station,Whitfield,-84.983978,34.789635
0101000020E61000002F3201BF463455C0D0420246975F4040,Haralson County SWMA,2015,,770-646-2002,Amos Sparks,770-646-2002,128,,Public,PBR-071-02TS,Haralson County Solid Waste Transfer Station,Haralson,-84.816818,32.746804
0101000020E610000079C9FFE4EF3355C0DA20938C9C5F4140,,2015,,-,,-,129,,Public,PBR-072-02TS,Harris County Transfer Station,Harris,-84.811517,34.746965
0101000020E6100000336ABE4A3EF854C0FEB4519D0ECE4040,Jimmy Harris,2015,,770-786-3585,Jimmy Harris,770-786-3585,130,,Private,PBR-107-17TS,Harris Transfer Station,Newton,-83.878802,33.609821
0101000020E61000005DFE43FAEDBB54C099B7EA3A54274140,Hart County,2015,,706-376-7333,,706-376-2024,131,,Public,PBR-073-04TS,Hart County Board of Commissioners Transfer Station,Hart,-82.9364,34.307258
0101000020E61000009F2287889B2355C0E9F2E670ADC44040,,2015,Unable to verify operational status.,-,,-,132,,Public,PBR-075-28TS,Henry County Regional Solid Waste Management Authority Transfer Station,Henry,-84.556368,33.536543
0101000020E6100000FA40F2CEA1ED54C02140868E1DE24040,,2015,Unable to verify operational status.,770-267-7926,,404-683-6634,133,,Private,PBR-147-38TS,Holder Inert Landfill Transfer Station,Walton,-83.713001,33.766527
0101000020E610000096FF907EFBD754C0D6E07D552EA64040,Horton Homes,2015,,800-282-2680,Bill Harpe,800-282-2680,134,,Private Commercial,PBR-117-10TS,"Horton Homes, Inc. Transfer Station",Putnam,-83.374725,33.298289
0101000020E610000077483140A20B55C0A51309A69AD94040,"Robert L. Earl, Jr.",2015,Unable to verify operational status.,804-424-7710,Robert Earl,804-424-7710,135,,Private,PBR-044-087TS,"Incendrere, Inc. Transfer Station",DeKalb,-84.181778,33.700032
0101000020E6100000AF09698D411655C04F357A35400B4140,Michael John Smith,2015,,770-329-2175,Michael John Smith,770-329-2175,136,,Private,PBR-060-210TS,Industrial Environmental Technologies Corp. Transfer Station,Fulton,-84.347751,34.087897
0101000020E61000009F03CB11327C54C02F51BD35B0A54040,,2015,,706-592-5685,,,137,Inert,Public,PBR-121-162TS,J.S. Rowe Inert Transfer Station,Richmond,-81.940556,33.29444
0101000020E6100000287E8CB96BE354C034D769A4A5124140,Jackson County Board of Commissioners,2015,,706-367-7709,Tom Page,706-367-6312,138,,Public,PBR-078-09TS,Jackson County Board of Commissioners Transfer Station,Jackson,-83.55345,34.14568
0101000020E610000002F04FA912A554C0919A7631CDDC3F40,City of Hazelhurst,2015,,912-375-6680,Wayne Fountain,912-375-6650,139,,Private,PBR-080-04TS,Jeff Davis County Consolidated Government Transfer Station,Jeff Davis,-82.579264,31.862506
0101000020E6100000105CE509847A54C0199128B4AC654040,Jenkins County Board of Commissioners,2015,,478-982-2563,Al Knight,478-982-2563,140,,Public,PBR-082-01TS,Jenkins County Landfill and Transfer Station,Jenkins,-81.914309,32.794333
0101000020E61000002C9E7AA4C12355C0234E27D9EAFE3F40,Chris Jones,2015,,229-828-7578,Chris Jones,229-828-7578,141,,Private,"PBR-152-01COL,TS",Jones Sanitation Transfer Station,Webster,-84.558694,31.995771
0101000020E6100000C58EC6A17E1E55C0E63E390A10134140,"Keep Cherokee Beautiful, Inc.",2015,,-,,770-517-7650,142,,Public,PBR-023-113TS,"Keep Cherokee Beautiful, Inc. Transfer Station",Cherokee,-84.476479,34.148927
0101000020E6100000C616821C940E55C03F3A75E5B3C44040,,2015,,770-506-0016,Gary W. Grizzell,-,143,,Private,PBR-075-24TS,"Landfills of Georgia, Inc. Transfer Station",Henry,-84.22779,33.53674
0101000020E6100000D53DB2B96A1F55C05455682096CF4040,"Latham Home Sanitation Co., Inc.",2015,,770-972-0999,Ric Jarvis,770-972-0999,144,,Private,PBR-060-012TS,"Latham Home Sanitation Co., Inc. Transfer Station",Fulton,-84.490889,33.621769
0101000020E610000026BD6F7CEDFD54C047ACC5A700FC4040,,2015,,-,,770-822-5187,145,,Public,PBR-067-780TS,Lawrenceville Transfer Center,Gwinnett,-83.96762,33.96877
0101000020E610000003E962D34AF854C0E62329E961CA4040,,2015,,770-786-5119,,-,146,,Private,PBR-107-08TS,LB Recycling and Waste Services Transfer Station,Newton,-83.879567,33.581113
0101000020E6100000068195438B2255C09DBAF2599EE34040,"United Waste Services, Inc.",2015,,770-941-4363,Gary Stevens,770-941-4363,147,,Private,PBR-033-52TS,Lee Industrial Transfer Station,Cobb,-84.53975,33.77827
0101000020E61000007009C03FA5D954C071E6577380FA4040,Kristen Baskin,2015,,404-805-0113,Kristen Baskin,770-805-0113,148,Food,Private Commercial,PBR-029-58TS,Let Us Compost Transfer Station,Clarke,-83.400711,33.957045
0101000020E6100000F9A067B3EA5D54C0067C7E1821DC3F40,Liberty County Board of Commissioners,2015,,912-884-5353,Dave Sapp,912-884-5353,149,,Public,PBR-089-11TS,Liberty County Transfer Station,Liberty,-81.46745,31.85988
0101000020E6100000D745D1031F1155C075E8F4BC1B6D4040,,2015,,-,,-,222,,Private,PBR-145-03TS,Transfer Station,Upson,-84.267518,32.852409
0101000020E61000000473F4F8BD5F54C0B0868BDCD3313F40,Liberty Rentals,2015,,912-466-9144,Devant Wainwright,912-466-9144,150,,Private Commercial,PBR-063-35TS,"Liberty Roll-offs, Inc. Transfer Station",Glynn,-81.49597,31.194639
0101000020E610000077D9AF3BDD5E54C0CEFBFF3861223F40,,2015,,-,,-,151,,Private Commercial,PBR-063-18TS,"Liberty Roll-offs, Inc. Transfer Station",Glynn,-81.482253,31.134296
0101000020E610000072FE2614222455C0C41B9947FEFC4040,"Republic Services of Georgia, LP",2015,,404-640-2360,,954-769-7217,152,,Private,PBR-033-07TS,Marble Mill Recycling & Transfer Station,Cobb,-84.56458,33.97651
0101000020E610000045A165DD3F2455C0564ACFF412FD4040,Allied Waste Services,2015,,-,,770-426-8132,153,,Private,PBR-033-51TS,Marble Mill Transfer Station,Cobb,-84.566398,33.977141
0101000020E6100000BF654E97C5A454C013B875374FB94040,McDuffie County,2015,,706-595-2374,Don Clausen,706-595-2374,155,,Public,PBR-097-08TS,McDuffie County Transfer Station,McDuffie,-82.57456,33.44773
0101000020E6100000D5E76A2BF61355C08B6CE7FBA9D14040,"MCF Environmental Services, Inc.",2015,,770-593-9434,Robert Losundo,770-593-9434,156,Biomedical,Private Commercial,PBR-031-111TS,"MCF Environmental Services, Inc. Transfer Station",Clayton,-84.3119,33.638
0101000020E6100000516A2FA2ED0A55C015E126A3CADA4040,Charles Mendez,2015,"Biomedical, MSW, C&D, industrial, inert, other waste.",770-593-9434,Kevin Hightower,770-593-9434,157,,Private,PBR-044-141TS,"MCF Systems Atlanta, Inc. Transfer Station",DeKalb,-84.170754,33.709309
0101000020E6100000849ECDAACF1155C0270F0BB5A6094040,"Trans Waste Services, LLC",2015,,229-888-5200,Mike Powell,229-888-5200,158,,Private,PBR-129-12TS,McMath Road Transfer Station,Sumter,-84.2783,32.0754
0101000020E6100000DBA50D87A50855C014E8137992184140,,2015,,404-277-8449,,,159,Biomedical,Private,PBR-058-349TS,Med Alliance Transfer Station,Forsyth,-84.135103,34.19197
0101000020E6100000C03DCF9F363F55C0D61EF642013B4040,"John O. Barwick, III",2015,,706-332-4885,"John O. Barwick, III",706-332-4888,160,Biomedical,Private Commercial,PBR-106-23TS,Med Away Disposal Services Transfer Station,Muscogee,-84.987709,32.460976
0101000020E6100000556CCCEB884655C0D2C2651536CD4040,,2015,,770-834-2356,,,161,Biomedical,Private,PBR-022-20TS,Med Dog Waste Management Transfer Station,Carroll,-85.102107,33.603213
0101000020E6100000B5A4A31CCC2355C010AE80423DDF4040,,2015,Unable to verify operational status.,-,,-,162,,Private,PBR-060-097TS,"Micro-Med of Georgia, Inc. Transfer Station",Fulton,-84.559333,33.744057
0101000020E61000002DE8BD31041855C08C683BA6EEDA4040,,2015,Unable to verify operational status.,-,,-,163,,Private,PBR-060-105TS,"Mindis Treatment Services, Inc. Transfer Station",Fulton,-84.375256,33.710408
0101000020E6100000069E7B0F97FF54C07BBDFBE3BD8E4040,,2015,Unable to verify operational status.,-,,-,164,,Public,PBR-102-07TS,Monroe County Board of Commissioners Inert Landfill Transfer Station,Monroe,-83.993595,33.11517
0101000020E6100000CADFBDA3C6F954C0B54E5C8E57744040,,2015,Unable to verify operational status.,-,,-,165,,Public,PBR-102-06TS,Monroe County Board of Commissioners Transfer Station,Monroe,-83.902749,32.908922
0101000020E6100000B9A5D590B8FD54C035289A07B0964040,,2015,Unable to verify operational status.,-,,-,166,,Public,PBR-102-14TS,Monroe County Board of Commissioners Transfer Station,Monroe,-83.96439,33.177247
0101000020E61000009B3A8F8AFFDC54C0BA4A77D7D9D04040,Morgan County,2015,,706-342-5075,Asbury Williams,-,167,,Public,PBR-104-07TS,Morgan County Transfer Station,Morgan,-83.453097,33.631648
0101000020E6100000516859F78FF754C0C0594A9693E04040,,2015,,770-855-6376,,,168,Biomedical,Private,PBR-147-54TS,MRCI Transfer Station,Walton,-83.868162,33.754504
0101000020E6100000548B8862F21B55C0315F5E807D3C4140,Kevin Loner,2015,Biomedical waste.,678-454-3791,Kevin Loner,678-454-3791,169,,Private Commercial,"PBR-112-12COL,TS","Nivek Services, Inc. Collection and Transfer Station",Pickens,-84.436669,34.47258
0101000020E6100000CAA2B08BA21055C0DC65BFEE74714140,Daniel G. Shuler,2015,,706-900-1010,Holly H. Shuller,706-900-1010,170,,Private Commercial,"PBR-055-17COL,TS","North GA Waste, LLC Transfer Station",Fannin,-84.259921,34.886381
0101000020E6100000A97EA5F3E13C55C006B309302C5B4140,,2015,Unable to verify operational status.,-,,-,171,,Private,PBR-155-18TS,"North Georgia Disposal, Inc. Transfer Station",Whitfield,-84.951291,34.712286
0101000020E6100000EA245B5D4E6C54C0F4C308E1D1CE3E40,Mark Fiegl,2015,Pet cremation.,912-882-2900,Mark Fiegl,912-882-2900,172,,Private Commercial,PBR-020-08COL;TS,Pet Cremation Services Transfer Station,Camden,-81.692283,30.80789
0101000020E6100000787DE6AC4FFE54C009FD4CBD6ED54040,,2015,Unable to verify operational status.,-,,-,173,,Private,PBR-122-28TS,"Pharmacy Solutions, Inc. Transfer Station",Rockdale,-83.973613,33.667442
0101000020E610000001F6D1A92B2355C0F7C8E6AA79C44040,Philip Services Corp.,2015,,770-969-7886,Colin D. Ramsey,713-623-8777,174,,Private Commercial,PBR-060-212TS,Philip Services Corp. / Allwaste Recovery System Transfer Station,Fulton,-84.54954,33.534963
0101000020E61000005E68AED3481755C0C8CD70033E8F4040,,2015,,770-884-3000,,-,175,,Private,PBR-114-17TS,"Pike Countryside Sanitation, Inc. Transfer Station",Pike,-84.36382,33.11908
0101000020E61000002788BA0F401E55C074B515FBCBEA4040,Waste Management Disposal,2015,,404-351-8060,Lee Nelson,205-652-9721,176,,Private,PBR-033-18TS,Plant Atkinson Transfer Station,Cobb,-84.47266,33.83435
0101000020E61000006DE4BA29E54255C0821C9430D36A4140,,2015,Unable to verify operational status.,-,,-,177,,Private,PBR-155-24TS,"Polk Brothers Roll-offs, Inc. Transfer Station",Whitfield,-85.045237,34.83457
0101000020E6100000E2E995B20CFD54C06D567DAEB6124140,Scott Keiser,2015,,770-354-9362,Scott Keiser,770-354-9362,178,Biomedical,Private Commercial,PBR-069-57TS,Progressive Medical Concepts Transfer Station,Hall,-83.9539,34.1462
0101000020E6100000359A5C8C812355C0D07CCEDDAEAD4040,,2015,,-,,-,179,,Private Commercial,"PBR-056-301COL,TS","Pye Barker Green Environment, LLC Transfer Station",Fayette,-84.554782,33.356899
0101000020E6100000F8DF4A766CDA54C02BFBAE08FE674140,Rabun County Board of Commissioners,2015,,706-782-2015,Jack Southards,706-782-5271,180,,Public,PBR-119-04TS,Rabun County Board of Commissioners Transfer Station,Rabun,-83.41287,34.81244
0101000020E61000009159BDC3ED2F55C071917BBABACB3F40,,2015,,-,,-,181,,Public,PBR-120-03TS,Randolph County Transfer Station,Randolph,-84.748887,31.795818
0101000020E61000007D96E7C1DD0155C09F8EC70C546E4140,Darren Rowan,2015,,706-745-8647,Carren Rowan,706-745-8647,182,,Private Commercial,PBR-144-08TS,"Regional Disposal Services, Inc. Transfer Station",Union,-84.02916,34.86194
0101000020E6100000B22FD978B0F354C0812381069B224140,"Republic Services of Georgia, LP",2015,,770-867-2499,Mark Allen,770-944-4967,183,,Private Commercial,PBR-069-44TS,Republic Services of Georgia Monroe Drive Transfer Station,Hall,-83.807646,34.270356
0101000020E610000008C90226704B54C0AE81AD122C124040,"Republic Services, Inc.",2015,,912-964-2211,Guy Thompson,954-769-2400,184,,Private Commercial,PBR-025-17TS,"Republic Services, Inc. - Chatham County Transfer Station ",Chatham,-81.17872,32.14197
0101000020E61000004E469561DC3055C0E8887C9752B34040,,2015,,770-271-3575,,-,185,,Private,PBR-038-42TS,"Republic Services, Inc. - Newnan Transfer Station",Coweta,-84.763451,33.400958
0101000020E6100000AE47E17A140055C0C5CA68E4F30C4140,Thomas E. Robinson,2015,Unable to verify operational status.,770-402-2316,Thomas E. Robinson,770-402-2316,186,,Private,PBR-067-059TS,Rest Haven Transfer Station,Gwinnett,-84.00125,34.101193
0101000020E6100000C1E5B166640B55C00ABB287AE0F74040,,2015,Unable to verify operational status.,-,,-,187,,Private,PBR-067-017TS,"Rivertrace Transport, Inc. Transfer Station",Gwinnett,-84.178003,33.936538
0101000020E6100000205F4205870655C0D97A8670CCDE4040,,2015,,-,,-,188,,Private,PBR-044-143TS,Rogers Lake Road Transfer Station,DeKalb,-84.101991,33.740614
0101000020E61000001AA721AAF0E354C0FA0AD28C45F74040,,2015,,-,,-,189,,Private,PBR-108-11TS,Roll-off Systems Transfer Station,Oconee,-83.561564,33.93181
0101000020E610000009D6389B8E4655C08CDCD3D51D294140,,2015,,-,,-,190,,Private Commercial,PBR-064-29TS,Rome Transfer Station,Floyd,-85.102454,34.321223
0101000020E61000000C93A98251FC54C0FD2AC0779B074140,,2015,Unable to verify operational status.,-,,-,191,,Private,PBR-067-078TS,Ruth W. Pruitt Transfer Station,Gwinnett,-83.942475,34.059432
0101000020E610000012DDB3AED1DF54C0E94317D4B76C3F40,,2015,Unable to verify operational status.,-,,-,192,,Private,PBR-137-14TS,Ryder Transportation Services Transfer Station,Tift,-83.497173,31.42468
0101000020E61000004432E4D87A0355C0056F48A302A94040,"S&B Rolloff, Inc.",2015,,770-914-7769,Dennis Slade,770-914-7769,193,,Private Commercial,PBR-075-36COL;TS,"S&B Rolloff, Inc. Transfer Station",Henry,-84.054373,33.320393
0101000020E6100000696D1ADB6B1355C09032E202D0D24040,Steven Paul,2015,,404-361-0556,Steven Paul,404-361-0556,194,,Private,PBR-031-38TS,"S.P. Petroleum Transporters, Inc. Transfer Station",Clayton,-84.303458,33.646973
0101000020E61000005872158BDF5054C069C70DBF9BFE3F40,"Safety Disposal Systems of Georgia, Inc.",2015,Unable to verify operational status.,-,,770-452-0011,195,,Private,PBR-025-26TS,"Safety Disposal Systems of Georgia, Inc. Transfer Station",Chatham,-81.263644,31.994564
0101000020E6100000D8E90775911255C0003B376DC6F34040,J.R. Watson,2015,Unable to verify operational status.,803-943-5176,Ron Ceacal,404-452-0011,196,,Private,PBR-044-045TS,"Safety Disposal Systems of Georgia, Inc. Transfer Station",DeKalb,-84.290128,33.904493
0101000020E61000002FA86F99D38454C01DE6CB0BB0B54040,,2015,Unable to verify operational status.,-,,-,197,,Private,PBR-121-019TS,"Safety Disposal Systems of Georgia, Inc. Transfer Station",Richmond,-82.075415,33.419435
0101000020E61000005EBD8A8C0E0D55C0DC476E4DBAF94040,,2015,Unable to verify operational status.,-,,-,198,,Private,PBR-067-138TS,"Scientific Waste Systems, Inc. Transfer Station",Gwinnett,-84.204013,33.950998
0101000020E6100000CF126404546B54C06FF3C64961604040,,2015,,-,,-,199,,Public,PBR-124-03TS,Screven County Board of Commissioners Transfer Station,Screven,-81.677003,32.752969
0101000020E6100000AC70CB47529A54C05C19541B9C403F40,W.H. Gillis,2015,,912-283-1003,W.H. Gillis,912-283-1003,200,,Private,"PBR-148-13COL,TS","Security Disposal, Inc. Transfer Station",Ware,-82.411272,31.252382
0101000020E610000037C2A2224E3855C03635D07CCEED3E40,,2015,,-,,-,201,,Public,PBR-125-03TS,Seminole County Board of Commissioners Transfer Station,Seminole,-84.879769,30.928932
0101000020E6100000276728EE780E55C0F8F719170E3C3F40,,2015,,-,,-,202,,Private Commercial,PBR-101-10TS,"Seminole Sanitation Services, Inc. Transfer Station",Mitchell,-84.226131,31.23459
0101000020E610000094A12AA6D20055C0BBD23252EFEB4040,,2015,Unable to verify operational status.,-,,-,203,,Public,PBR-067-766TS,Snellville Recycling Center & Transfer Station,Gwinnett,-84.012857,33.843241
0101000020E610000056B26323102655C0E527D53E1DC74040,Charles G. Bartenfeld,2015,,404-760-0067,Charles G. Bartenfeld,404-760-0067,204,,Private,PBR-060-223TS,"Soful, LLC Transfer Station",Fulton,-84.594735,33.55558
0101000020E61000002BC24D4695CC54C04FC6F8307B113F40,"Soil Remediation, Inc.",2015,,229-455-2300,Joe Brashier,229-455-2300,205,,Private,PBR-010-09TS,"Soil Remediation, Inc. Transfer Station",Berrien,-83.196611,31.068286
0101000020E6100000F83768AF3E0D55C0E99AC937DB064040,,2015,Unable to verify operational status.,-,,-,206,,Private,PBR-129-06TS,Solid Waste Management Corp. Transfer Station,Sumter,-84.206951,32.053565
0101000020E610000099999999990855C02D26361FD7F63F40,,2015,Unable to verify operational status.,-,,-,207,,Private,PBR-129-05TS,Solid Waste Management Corp. Transfer Station,Sumter,-84.134375,31.96422
0101000020E6100000F4DE180280F254C0EC4960730E2E3F40,Superior Waste Services of Georgia,2015,,912-244-2466,Mark Morrisey,414-479-7800,208,,Private,PBR-035-024TS,"South Georgia Disposal, Inc. Transfer Station",Colquitt,-83.789063,31.179908
0101000020E6100000F80FE9B7AF1755C0F59CF4BEF1CD4040,"Waste Management, Inc.",2015,,404-608-2310,Mike Gippert,205-652-9721,209,,Private,PBR-031-93TS,"Southern Refuse Services, Inc. Transfer Station",Clayton,-84.3701,33.60894
0101000020E6100000506859F78FDB54C09CAC510FD1F03F40,,2015,,-,,-,210,,Private,PBR-156-05TS,"Southern Renewable Resources, Inc. Transfer Station",Wilcox,-83.430662,31.94069
0101000020E61000004BE5ED08A71E55C0EE60C43E01B84040,Fayette County Engineering Division,2015,,205-652-9721,,770-305-5410,211,,Private,PBR-056-001TS,Southern States - Fayette Transfer Station,Fayette,-84.478945,33.437538
0101000020E6100000DDEF5014E89954C0FBA9F1D24D423F40,Southland Waste Systems,2015,,912-284-1000,Richard Lee,912-284-1000,212,,Private Commercial,PBR-148-09TS,"Southland Waste Systems, Inc. Transfer Station",Ware,-82.40479,31.259
0101000020E61000006F66F4A3E11955C0EF2076A6D0CF4040,"Stat Medical, Inc.",2015,Unable to verify operational status.,404-766-0818,Jacki Jackson,404-766-0818,213,,Private,PBR-031-74TS,"Stat Medical, Inc. Transfer Station",Clayton,-84.404397,33.623555
0101000020E61000008AC91B60E65454C053CC41D0D1F63F40,,2015,,407-948-5398,,,214,Biomedical,Private,PBR-015-10TS-BIO,Stericycle Transfer Station,Bryan,-81.326561,31.964139
0101000020E6100000ED0DBE30991655C05396218E75714140,"Silver Star Envionrmental Services, LLC",2015,,706-273-8858,Leon Watkins,770-319-6421,215,,Private Commercial,PBR-055-14TS,Sugar Creek C&D Disposal Facility Transfer Station,Fannin,-84.3531,34.8864
0101000020E6100000060DFD135C7054C0F7065F984C794040,"Sunbelt Medical Services, Inc.",2015,,-,,912-569-4641,216,Biomedical,Private,PBR-017-03TS,"Sunbelt Medical Services, Inc. Transfer Station",Burke,-81.75562,32.94765
0101000020E610000001E0D8B3E71F55C09D2ADF3312EB4040,Dean Delawalla,2015,,404-434-5200,Dean Delawalla,404-434-5200,217,,Private,PBR-033-54TS,"Tech 2100 Medical, Inc. Transfer Station",Cobb,-84.498517,33.836493
0101000020E6100000983270404B1A55C048E2E5E95CBD3F40,"Trans Waste Service, LLC",2015,,229-883-5200,Mike Powell,229-888-5200,218,,Public,PBR-135-01TS,Terrell County Transfer Station,Terrell,-84.410843,31.739699
0101000020E6100000299831056B1055C08FDFDBF467114140,,2015,Unable to verify operational status.,-,,-,219,,Private,PBR-058-172TS,Tomahawk Waste Management Transfer Station,Forsyth,-84.256532,34.135985
0101000020E6100000CB4DD4D2DCEF54C0D7A4DB12B9764140,Towns County,2015,,706-896-2276,Bill Kendall,706-896-2276,220,,Public,PBR-139-03COL;TS,Towns County Transfer Station,Towns,-83.747853,34.927523
0101000020E6100000ACA8C1340C1155C0BF823463D16C4040,"Trans Waste Services, LLC",2015,,919-325-3000,Richard Johnson,919-325-3000,221,,Private,PBR-145-09TS,Trans Waste Services - Thomaston Transfer Station,Upson,-84.26637,32.85014
0101000020E6100000001B1021AEF854C097DC28B2D6424140,,2015,Unable to verify operational status.,-,,-,223,,Private,PBR-093-07TS,Tritt Transfer Station,Lumpkin,-83.885628,34.522177
0101000020E6100000C9CB9A58E03955C0839CF7FF71844040,Troup County Board of Commissioners,2015,,706-883-1610,Judson F. Gilmer,706-883-1610,224,,Public,PBR-141-12TS,Troup County C&D Landfill Transfer Station,Troup,-84.904318,33.034729
0101000020E61000005305A3923AEF54C08736001B10214040,,2015,,478-627-3022,,,225,"Yard Waste, Furniture, White Goods",Public,PBR-046-13TS,Unadilla Transfer Station,Dooly,-83.73795,32.258304
0101000020E610000033A48AE255FD54C03E3BE0BA62724140,Union County,2015,,706-439-6000,Lamar Paris,706-439-6000,226,MSW,Private Commercial,PBR-144-20TS,Union County Transfer Station,Union,-83.958367,34.893638
0101000020E6100000F67D3848882255C030116F9D7FE34040,"Republic Services of Georgia, LP",2015,,770-948-5069,,800-769-7218,227,,Private,PBR-033-79TS,"United Waste Services, Inc. / Lee Industrial Transfer Station",Cobb,-84.539568,33.777332
0101000020E6100000A67B9DD4970E55C0C1FA3F87F9F44040,,2015,,-,,-,228,,Private,PBR-067-799COL,"Univar USA, Inc. Transfer Station",Gwinnett,-84.228017,33.913865
0101000020E61000009BABE639227F54C0556D37C137B34040,,2015,,-,,-,229,,Private,PBR-121-158COL,"Univar, Inc. Transfer Station",Richmond,-81.986464,33.400139
0101000020E6100000FF21FDF6753C55C03A014D840DDF4040,Brian J. Albertson,2015,,770-577-5555,Shawnda Stone,404-925-5390,230,,Private Commercial,PBR-022-16TS,Villa Rica Waste Transfer Station,Carroll,-84.9447,33.7426
0101000020E6100000410B09185D0855C07A724D81CC104140,,2015,Unable to verify operational status.,-,,-,231,,Private,PBR-058-176TS,"Vision Transfer, LLC Transfer Station",Forsyth,-84.130682,34.131241
0101000020E6100000E8BD310400ED54C094A2957B81E14040,,2015,,-,,-,232,,Public,PBR-147-29TS,Walton County Recycling Center / Transfer Station,Walton,-83.703126,33.761764
0101000020E6100000B9FC87F4DBE754C03F355EBA49544040,"Trans Waste Services, LLC",2015,,229-8882500,Mike Powell,229-888-2500,233,,Private,PBR-076-25TS,Warner Robins Transfer Station,Houston,-83.6228,32.6585
0101000020E6100000105839B4C8EE54C0A5A0DB4B1A534040,"Waste Industries, USA, Inc.",2015,,478-956-5907,,-,234,,Private,PBR-111-08TS,Waste Industries - Trans Waste - Byron Transfer Station,Peach,-83.731,32.64924
0101000020E610000059501894692055C0D07CCEDDAE0F4140,Waste Management,2015,,-,,404-794-6707,235,,Private,PBR-028-099TS,Waste Management - Woodstock Hauling Transfer Station,Cherokee,-84.506444,34.122524
0101000020E6100000B74604E3E02355C073B9C15087FD4040,Jeff Peckham,2015,,770-516-3313,,770-516-3313,236,,Private,PBR-033-67TS,Waste Management of Atlanta Transfer Station,Cobb,-84.560601,33.980692
0101000020E6100000DADFD91EBD4A54C0A9D903ADC00A4040,Waste Management,2015,,912-965-0300,Burke Wall,770-859-0800,238,,Private,PBR-025-37TS,Waste Management of Savannah Transfer Station,Chatham,-81.167793,32.084005
0101000020E6100000F04E3E3DB6FF54C06553AEF02EFB4040,,2015,,770-513-2442,,205-652-9721,239,,Private Commercial,PBR-067-784TS,Waste Management Transfer Station,Gwinnett,-83.995498,33.96237
0101000020E6100000299831056B1055C08FDFDBF467114140,,2015,Unable to verify operational status.,-,,-,240,,Private,PBR-058-009TS,"Waste Research and Recovery, Inc. Transfer Station",Forsyth,-84.256532,34.135985
0101000020E610000069F6402B303255C0FACBEEC9C3DE4040,"Waste Industries USA, Inc.",2015,,-,,770-947-2577,241,,Private,PBR-048-29TS,Westside Transfer Station,Douglas,-84.78419,33.74035
0101000020E61000004DF38E53745255C0E1E995B20C494140,White's Sanitation Service,2015,,-,,706-734-7767,242,,Private,PBR-027-06TS,White's Waste Transfer Station,Chattooga,-85.28835,34.5707
0101000020E61000006AD95A5F241855C00282397AFC3A4040,WI Taylor County Disposal Services,2015,,404-267-3240,Richard Johnson,478-862-2504,243,,Private Commercial,PBR-133-03TS,WI Disposal Taylor County Rail Transfer Station,Taylor,-84.37722,32.46083
0101000020E6100000C097C28366AF54C0E5B2D1393FD94040,,2015,,-,,-,244,,Public,PBR-157-02TS,Wilkes County-CR 40 MSW Landfill Transfer Station,Wilkes,-82.740632,33.697242
0101000020E6100000FED30D1478F554C0B3D7BB3FDE873F40,Billy McDonald,2015,,912-776-8200,Billy McDonald,-,245,,Public,PBR-159-08TS,Worth County Transfer Station,Worth,-83.835454,31.530735